PurposeNumber,Purpose,"(HH size, income, cars)",HHSize,Income,Cars,GY1,GY2,GY3,GY4,GY5,GY6,GY7,GY8,GY9,GY10,GY11,GY12,GY13,GY14
1,HBWL,10100,1,1,0,0.432554592,0.569799363,0.440153153,0.665644938,0.745097824,0.647538937,0.798984999,0.571657531,0.7554891,0.992891778,0.520532758,0.9850301,0.628951516,0.704532687
1,HBWL,20100,2,1,0,0.432554592,0.569799363,0.440153153,0.665644938,0.745097824,0.647538937,0.798984999,0.571657531,0.7554891,0.992891778,0.520532758,0.9850301,0.628951516,0.704532687
1,HBWL,30100,3,1,0,0.432554592,0.569799363,0.440153153,0.665644938,0.745097824,0.647538937,0.798984999,0.571657531,0.7554891,0.992891778,0.520532758,0.9850301,0.628951516,0.704532687
1,HBWL,40100,4,1,0,0.432554592,0.569799363,0.440153153,0.665644938,0.745097824,0.647538937,0.798984999,0.571657531,0.7554891,0.992891778,0.520532758,0.9850301,0.628951516,0.704532687
1,HBWM,10200,1,2,0,1.603597603,1.345385425,1.549795689,1.494304045,1.42217967,1.207177414,1.273265909,0.981665159,1.366555868,0.928995229,1.342805296,1.200786631,1.279628728,1.194057274
1,HBWM,20200,2,2,0,1.603597603,1.345385425,1.549795689,1.494304045,1.42217967,1.207177414,1.273265909,0.981665159,1.366555868,0.928995229,1.342805296,1.200786631,1.279628728,1.194057274
1,HBWM,30200,3,2,0,1.603597603,1.345385425,1.549795689,1.494304045,1.42217967,1.207177414,1.273265909,0.981665159,1.366555868,0.928995229,1.342805296,1.200786631,1.279628728,1.194057274
1,HBWM,40200,4,2,0,1.603597603,1.345385425,1.549795689,1.494304045,1.42217967,1.207177414,1.273265909,0.981665159,1.366555868,0.928995229,1.342805296,1.200786631,1.279628728,1.194057274
1,HBWH,10300,1,3,0,0.560489002,0.720071105,0.938034608,0.790207176,0.807177858,0.810234521,0.633530851,0.867586954,0.705368155,0.830735117,0.749760652,0.636940454,0.45699563,0.601613938
1,HBWH,20300,2,3,0,0.560489002,0.720071105,0.938034608,0.790207176,0.807177858,0.810234521,0.633530851,0.867586954,0.705368155,0.830735117,0.749760652,0.636940454,0.45699563,0.601613938
1,HBWH,30300,3,3,0,0.560489002,0.720071105,0.938034608,0.790207176,0.807177858,0.810234521,0.633530851,0.867586954,0.705368155,0.830735117,0.749760652,0.636940454,0.45699563,0.601613938
1,HBWH,40300,4,3,0,0.560489002,0.720071105,0.938034608,0.790207176,0.807177858,0.810234521,0.633530851,0.867586954,0.705368155,0.830735117,0.749760652,0.636940454,0.45699563,0.601613938
1,HBWL,10101,1,1,1,0.432554592,0.569799363,0.440153153,0.665644938,0.745097824,0.647538937,0.798984999,0.571657531,0.7554891,0.992891778,0.520532758,0.9850301,0.628951516,0.704532687
1,HBWL,20101,2,1,1,0.432554592,0.569799363,0.440153153,0.665644938,0.745097824,0.647538937,0.798984999,0.571657531,0.7554891,0.992891778,0.520532758,0.9850301,0.628951516,0.704532687
1,HBWL,30101,3,1,1,0.432554592,0.569799363,0.440153153,0.665644938,0.745097824,0.647538937,0.798984999,0.571657531,0.7554891,0.992891778,0.520532758,0.9850301,0.628951516,0.704532687
1,HBWL,40101,4,1,1,0.432554592,0.569799363,0.440153153,0.665644938,0.745097824,0.647538937,0.798984999,0.571657531,0.7554891,0.992891778,0.520532758,0.9850301,0.628951516,0.704532687
1,HBWM,10201,1,2,1,1.603597603,1.345385425,1.549795689,1.494304045,1.42217967,1.207177414,1.273265909,0.981665159,1.366555868,0.928995229,1.342805296,1.200786631,1.279628728,1.194057274
1,HBWM,20201,2,2,1,1.603597603,1.345385425,1.549795689,1.494304045,1.42217967,1.207177414,1.273265909,0.981665159,1.366555868,0.928995229,1.342805296,1.200786631,1.279628728,1.194057274
1,HBWM,30201,3,2,1,1.603597603,1.345385425,1.549795689,1.494304045,1.42217967,1.207177414,1.273265909,0.981665159,1.366555868,0.928995229,1.342805296,1.200786631,1.279628728,1.194057274
1,HBWM,40201,4,2,1,1.603597603,1.345385425,1.549795689,1.494304045,1.42217967,1.207177414,1.273265909,0.981665159,1.366555868,0.928995229,1.342805296,1.200786631,1.279628728,1.194057274
1,HBWH,10301,1,3,1,0.560489002,0.720071105,0.938034608,0.790207176,0.807177858,0.810234521,0.633530851,0.867586954,0.705368155,0.830735117,0.749760652,0.636940454,0.45699563,0.601613938
1,HBWH,20301,2,3,1,0.560489002,0.720071105,0.938034608,0.790207176,0.807177858,0.810234521,0.633530851,0.867586954,0.705368155,0.830735117,0.749760652,0.636940454,0.45699563,0.601613938
1,HBWH,30301,3,3,1,0.560489002,0.720071105,0.938034608,0.790207176,0.807177858,0.810234521,0.633530851,0.867586954,0.705368155,0.830735117,0.749760652,0.636940454,0.45699563,0.601613938
1,HBWH,40301,4,3,1,0.560489002,0.720071105,0.938034608,0.790207176,0.807177858,0.810234521,0.633530851,0.867586954,0.705368155,0.830735117,0.749760652,0.636940454,0.45699563,0.601613938
1,HBWL,10102,1,1,2,0.432554592,0.569799363,0.440153153,0.665644938,0.745097824,0.647538937,0.798984999,0.571657531,0.7554891,0.992891778,0.520532758,0.9850301,0.628951516,0.704532687
1,HBWL,20102,2,1,2,0.432554592,0.569799363,0.440153153,0.665644938,0.745097824,0.647538937,0.798984999,0.571657531,0.7554891,0.992891778,0.520532758,0.9850301,0.628951516,0.704532687
1,HBWL,30102,3,1,2,0.432554592,0.569799363,0.440153153,0.665644938,0.745097824,0.647538937,0.798984999,0.571657531,0.7554891,0.992891778,0.520532758,0.9850301,0.628951516,0.704532687
1,HBWL,40102,4,1,2,0.432554592,0.569799363,0.440153153,0.665644938,0.745097824,0.647538937,0.798984999,0.571657531,0.7554891,0.992891778,0.520532758,0.9850301,0.628951516,0.704532687
1,HBWM,10202,1,2,2,1.603597603,1.345385425,1.549795689,1.494304045,1.42217967,1.207177414,1.273265909,0.981665159,1.366555868,0.928995229,1.342805296,1.200786631,1.279628728,1.194057274
1,HBWM,20202,2,2,2,1.603597603,1.345385425,1.549795689,1.494304045,1.42217967,1.207177414,1.273265909,0.981665159,1.366555868,0.928995229,1.342805296,1.200786631,1.279628728,1.194057274
1,HBWM,30202,3,2,2,1.603597603,1.345385425,1.549795689,1.494304045,1.42217967,1.207177414,1.273265909,0.981665159,1.366555868,0.928995229,1.342805296,1.200786631,1.279628728,1.194057274
1,HBWM,40202,4,2,2,1.603597603,1.345385425,1.549795689,1.494304045,1.42217967,1.207177414,1.273265909,0.981665159,1.366555868,0.928995229,1.342805296,1.200786631,1.279628728,1.194057274
1,HBWH,10302,1,3,2,0.560489002,0.720071105,0.938034608,0.790207176,0.807177858,0.810234521,0.633530851,0.867586954,0.705368155,0.830735117,0.749760652,0.636940454,0.45699563,0.601613938
1,HBWH,20302,2,3,2,0.560489002,0.720071105,0.938034608,0.790207176,0.807177858,0.810234521,0.633530851,0.867586954,0.705368155,0.830735117,0.749760652,0.636940454,0.45699563,0.601613938
1,HBWH,30302,3,3,2,0.560489002,0.720071105,0.938034608,0.790207176,0.807177858,0.810234521,0.633530851,0.867586954,0.705368155,0.830735117,0.749760652,0.636940454,0.45699563,0.601613938
1,HBWH,40302,4,3,2,0.560489002,0.720071105,0.938034608,0.790207176,0.807177858,0.810234521,0.633530851,0.867586954,0.705368155,0.830735117,0.749760652,0.636940454,0.45699563,0.601613938
1,HBWL,10103,1,1,3,0.432554592,0.569799363,0.440153153,0.665644938,0.745097824,0.647538937,0.798984999,0.571657531,0.7554891,0.992891778,0.520532758,0.9850301,0.628951516,0.704532687
1,HBWL,20103,2,1,3,0.432554592,0.569799363,0.440153153,0.665644938,0.745097824,0.647538937,0.798984999,0.571657531,0.7554891,0.992891778,0.520532758,0.9850301,0.628951516,0.704532687
1,HBWL,30103,3,1,3,0.432554592,0.569799363,0.440153153,0.665644938,0.745097824,0.647538937,0.798984999,0.571657531,0.7554891,0.992891778,0.520532758,0.9850301,0.628951516,0.704532687
1,HBWL,40103,4,1,3,0.432554592,0.569799363,0.440153153,0.665644938,0.745097824,0.647538937,0.798984999,0.571657531,0.7554891,0.992891778,0.520532758,0.9850301,0.628951516,0.704532687
1,HBWM,10203,1,2,3,1.603597603,1.345385425,1.549795689,1.494304045,1.42217967,1.207177414,1.273265909,0.981665159,1.366555868,0.928995229,1.342805296,1.200786631,1.279628728,1.194057274
1,HBWM,20203,2,2,3,1.603597603,1.345385425,1.549795689,1.494304045,1.42217967,1.207177414,1.273265909,0.981665159,1.366555868,0.928995229,1.342805296,1.200786631,1.279628728,1.194057274
1,HBWM,30203,3,2,3,1.603597603,1.345385425,1.549795689,1.494304045,1.42217967,1.207177414,1.273265909,0.981665159,1.366555868,0.928995229,1.342805296,1.200786631,1.279628728,1.194057274
1,HBWM,40203,4,2,3,1.603597603,1.345385425,1.549795689,1.494304045,1.42217967,1.207177414,1.273265909,0.981665159,1.366555868,0.928995229,1.342805296,1.200786631,1.279628728,1.194057274
1,HBWH,10303,1,3,3,0.560489002,0.720071105,0.938034608,0.790207176,0.807177858,0.810234521,0.633530851,0.867586954,0.705368155,0.830735117,0.749760652,0.636940454,0.45699563,0.601613938
1,HBWH,20303,2,3,3,0.560489002,0.720071105,0.938034608,0.790207176,0.807177858,0.810234521,0.633530851,0.867586954,0.705368155,0.830735117,0.749760652,0.636940454,0.45699563,0.601613938
1,HBWH,30303,3,3,3,0.560489002,0.720071105,0.938034608,0.790207176,0.807177858,0.810234521,0.633530851,0.867586954,0.705368155,0.830735117,0.749760652,0.636940454,0.45699563,0.601613938
1,HBWH,40303,4,3,3,0.560489002,0.720071105,0.938034608,0.790207176,0.807177858,0.810234521,0.633530851,0.867586954,0.705368155,0.830735117,0.749760652,0.636940454,0.45699563,0.601613938
2,NHBWL,10100,1,1,0,0.835608048,0.854673975,2.430744553,0.988450686,1.11592422,0.647174761,1.19461624,1.193036526,0.629194122,0.660635252,0.556301476,1.019738702,0.417135601,1.030755057
2,NHBWL,20100,2,1,0,0.835608048,0.854673975,2.430744553,0.988450686,1.11592422,0.647174761,1.19461624,1.193036526,0.629194122,0.660635252,0.556301476,1.019738702,0.417135601,1.030755057
2,NHBWL,30100,3,1,0,0.835608048,0.854673975,2.430744553,0.988450686,1.11592422,0.647174761,1.19461624,1.193036526,0.629194122,0.660635252,0.556301476,1.019738702,0.417135601,1.030755057
2,NHBWL,40100,4,1,0,0.835608048,0.854673975,2.430744553,0.988450686,1.11592422,0.647174761,1.19461624,1.193036526,0.629194122,0.660635252,0.556301476,1.019738702,0.417135601,1.030755057
2,NHBWM,10200,1,2,0,0.835608048,0.854673975,2.430744553,0.988450686,1.11592422,0.647174761,1.19461624,1.193036526,0.629194122,0.660635252,0.556301476,1.019738702,0.417135601,1.030755057
2,NHBWM,20200,2,2,0,0.835608048,0.854673975,2.430744553,0.988450686,1.11592422,0.647174761,1.19461624,1.193036526,0.629194122,0.660635252,0.556301476,1.019738702,0.417135601,1.030755057
2,NHBWM,30200,3,2,0,0.835608048,0.854673975,2.430744553,0.988450686,1.11592422,0.647174761,1.19461624,1.193036526,0.629194122,0.660635252,0.556301476,1.019738702,0.417135601,1.030755057
2,NHBWM,40200,4,2,0,0.835608048,0.854673975,2.430744553,0.988450686,1.11592422,0.647174761,1.19461624,1.193036526,0.629194122,0.660635252,0.556301476,1.019738702,0.417135601,1.030755057
2,NHBWH,10300,1,3,0,0.835608048,0.854673975,2.430744553,0.988450686,1.11592422,0.647174761,1.19461624,1.193036526,0.629194122,0.660635252,0.556301476,1.019738702,0.417135601,1.030755057
2,NHBWH,20300,2,3,0,0.835608048,0.854673975,2.430744553,0.988450686,1.11592422,0.647174761,1.19461624,1.193036526,0.629194122,0.660635252,0.556301476,1.019738702,0.417135601,1.030755057
2,NHBWH,30300,3,3,0,0.835608048,0.854673975,2.430744553,0.988450686,1.11592422,0.647174761,1.19461624,1.193036526,0.629194122,0.660635252,0.556301476,1.019738702,0.417135601,1.030755057
2,NHBWH,40300,4,3,0,0.835608048,0.854673975,2.430744553,0.988450686,1.11592422,0.647174761,1.19461624,1.193036526,0.629194122,0.660635252,0.556301476,1.019738702,0.417135601,1.030755057
2,NHBWL,10101,1,1,1,0.835608048,0.854673975,2.430744553,0.988450686,1.11592422,0.647174761,1.19461624,1.193036526,0.629194122,0.660635252,0.556301476,1.019738702,0.417135601,1.030755057
2,NHBWL,20101,2,1,1,0.835608048,0.854673975,2.430744553,0.988450686,1.11592422,0.647174761,1.19461624,1.193036526,0.629194122,0.660635252,0.556301476,1.019738702,0.417135601,1.030755057
2,NHBWL,30101,3,1,1,0.835608048,0.854673975,2.430744553,0.988450686,1.11592422,0.647174761,1.19461624,1.193036526,0.629194122,0.660635252,0.556301476,1.019738702,0.417135601,1.030755057
2,NHBWL,40101,4,1,1,0.835608048,0.854673975,2.430744553,0.988450686,1.11592422,0.647174761,1.19461624,1.193036526,0.629194122,0.660635252,0.556301476,1.019738702,0.417135601,1.030755057
2,NHBWM,10201,1,2,1,0.835608048,0.854673975,2.430744553,0.988450686,1.11592422,0.647174761,1.19461624,1.193036526,0.629194122,0.660635252,0.556301476,1.019738702,0.417135601,1.030755057
2,NHBWM,20201,2,2,1,0.835608048,0.854673975,2.430744553,0.988450686,1.11592422,0.647174761,1.19461624,1.193036526,0.629194122,0.660635252,0.556301476,1.019738702,0.417135601,1.030755057
2,NHBWM,30201,3,2,1,0.835608048,0.854673975,2.430744553,0.988450686,1.11592422,0.647174761,1.19461624,1.193036526,0.629194122,0.660635252,0.556301476,1.019738702,0.417135601,1.030755057
2,NHBWM,40201,4,2,1,0.835608048,0.854673975,2.430744553,0.988450686,1.11592422,0.647174761,1.19461624,1.193036526,0.629194122,0.660635252,0.556301476,1.019738702,0.417135601,1.030755057
2,NHBWH,10301,1,3,1,0.835608048,0.854673975,2.430744553,0.988450686,1.11592422,0.647174761,1.19461624,1.193036526,0.629194122,0.660635252,0.556301476,1.019738702,0.417135601,1.030755057
2,NHBWH,20301,2,3,1,0.835608048,0.854673975,2.430744553,0.988450686,1.11592422,0.647174761,1.19461624,1.193036526,0.629194122,0.660635252,0.556301476,1.019738702,0.417135601,1.030755057
2,NHBWH,30301,3,3,1,0.835608048,0.854673975,2.430744553,0.988450686,1.11592422,0.647174761,1.19461624,1.193036526,0.629194122,0.660635252,0.556301476,1.019738702,0.417135601,1.030755057
2,NHBWH,40301,4,3,1,0.835608048,0.854673975,2.430744553,0.988450686,1.11592422,0.647174761,1.19461624,1.193036526,0.629194122,0.660635252,0.556301476,1.019738702,0.417135601,1.030755057
2,NHBWL,10102,1,1,2,0.835608048,0.854673975,2.430744553,0.988450686,1.11592422,0.647174761,1.19461624,1.193036526,0.629194122,0.660635252,0.556301476,1.019738702,0.417135601,1.030755057
2,NHBWL,20102,2,1,2,0.835608048,0.854673975,2.430744553,0.988450686,1.11592422,0.647174761,1.19461624,1.193036526,0.629194122,0.660635252,0.556301476,1.019738702,0.417135601,1.030755057
2,NHBWL,30102,3,1,2,0.835608048,0.854673975,2.430744553,0.988450686,1.11592422,0.647174761,1.19461624,1.193036526,0.629194122,0.660635252,0.556301476,1.019738702,0.417135601,1.030755057
2,NHBWL,40102,4,1,2,0.835608048,0.854673975,2.430744553,0.988450686,1.11592422,0.647174761,1.19461624,1.193036526,0.629194122,0.660635252,0.556301476,1.019738702,0.417135601,1.030755057
2,NHBWM,10202,1,2,2,0.835608048,0.854673975,2.430744553,0.988450686,1.11592422,0.647174761,1.19461624,1.193036526,0.629194122,0.660635252,0.556301476,1.019738702,0.417135601,1.030755057
2,NHBWM,20202,2,2,2,0.835608048,0.854673975,2.430744553,0.988450686,1.11592422,0.647174761,1.19461624,1.193036526,0.629194122,0.660635252,0.556301476,1.019738702,0.417135601,1.030755057
2,NHBWM,30202,3,2,2,0.835608048,0.854673975,2.430744553,0.988450686,1.11592422,0.647174761,1.19461624,1.193036526,0.629194122,0.660635252,0.556301476,1.019738702,0.417135601,1.030755057
2,NHBWM,40202,4,2,2,0.835608048,0.854673975,2.430744553,0.988450686,1.11592422,0.647174761,1.19461624,1.193036526,0.629194122,0.660635252,0.556301476,1.019738702,0.417135601,1.030755057
2,NHBWH,10302,1,3,2,0.835608048,0.854673975,2.430744553,0.988450686,1.11592422,0.647174761,1.19461624,1.193036526,0.629194122,0.660635252,0.556301476,1.019738702,0.417135601,1.030755057
2,NHBWH,20302,2,3,2,0.835608048,0.854673975,2.430744553,0.988450686,1.11592422,0.647174761,1.19461624,1.193036526,0.629194122,0.660635252,0.556301476,1.019738702,0.417135601,1.030755057
2,NHBWH,30302,3,3,2,0.835608048,0.854673975,2.430744553,0.988450686,1.11592422,0.647174761,1.19461624,1.193036526,0.629194122,0.660635252,0.556301476,1.019738702,0.417135601,1.030755057
2,NHBWH,40302,4,3,2,0.835608048,0.854673975,2.430744553,0.988450686,1.11592422,0.647174761,1.19461624,1.193036526,0.629194122,0.660635252,0.556301476,1.019738702,0.417135601,1.030755057
2,NHBWL,10103,1,1,3,0.835608048,0.854673975,2.430744553,0.988450686,1.11592422,0.647174761,1.19461624,1.193036526,0.629194122,0.660635252,0.556301476,1.019738702,0.417135601,1.030755057
2,NHBWL,20103,2,1,3,0.835608048,0.854673975,2.430744553,0.988450686,1.11592422,0.647174761,1.19461624,1.193036526,0.629194122,0.660635252,0.556301476,1.019738702,0.417135601,1.030755057
2,NHBWL,30103,3,1,3,0.835608048,0.854673975,2.430744553,0.988450686,1.11592422,0.647174761,1.19461624,1.193036526,0.629194122,0.660635252,0.556301476,1.019738702,0.417135601,1.030755057
2,NHBWL,40103,4,1,3,0.835608048,0.854673975,2.430744553,0.988450686,1.11592422,0.647174761,1.19461624,1.193036526,0.629194122,0.660635252,0.556301476,1.019738702,0.417135601,1.030755057
2,NHBWM,10203,1,2,3,0.835608048,0.854673975,2.430744553,0.988450686,1.11592422,0.647174761,1.19461624,1.193036526,0.629194122,0.660635252,0.556301476,1.019738702,0.417135601,1.030755057
2,NHBWM,20203,2,2,3,0.835608048,0.854673975,2.430744553,0.988450686,1.11592422,0.647174761,1.19461624,1.193036526,0.629194122,0.660635252,0.556301476,1.019738702,0.417135601,1.030755057
2,NHBWM,30203,3,2,3,0.835608048,0.854673975,2.430744553,0.988450686,1.11592422,0.647174761,1.19461624,1.193036526,0.629194122,0.660635252,0.556301476,1.019738702,0.417135601,1.030755057
2,NHBWM,40203,4,2,3,0.835608048,0.854673975,2.430744553,0.988450686,1.11592422,0.647174761,1.19461624,1.193036526,0.629194122,0.660635252,0.556301476,1.019738702,0.417135601,1.030755057
2,NHBWH,10303,1,3,3,0.835608048,0.854673975,2.430744553,0.988450686,1.11592422,0.647174761,1.19461624,1.193036526,0.629194122,0.660635252,0.556301476,1.019738702,0.417135601,1.030755057
2,NHBWH,20303,2,3,3,0.835608048,0.854673975,2.430744553,0.988450686,1.11592422,0.647174761,1.19461624,1.193036526,0.629194122,0.660635252,0.556301476,1.019738702,0.417135601,1.030755057
2,NHBWH,30303,3,3,3,0.835608048,0.854673975,2.430744553,0.988450686,1.11592422,0.647174761,1.19461624,1.193036526,0.629194122,0.660635252,0.556301476,1.019738702,0.417135601,1.030755057
2,NHBWH,40303,4,3,3,0.835608048,0.854673975,2.430744553,0.988450686,1.11592422,0.647174761,1.19461624,1.193036526,0.629194122,0.660635252,0.556301476,1.019738702,0.417135601,1.030755057
3,HBUL,10100,1,1,0,0.002968874,0.085663517,0.095687808,0.119594565,0.09965097,0.072264888,0.076451619,0.100293725,0.08817814,0.010485815,0.011184406,0.070649589,0.010790201,0.003176747
3,HBUL,20100,2,1,0,0.049481238,0.228436045,0.260311994,0.353999911,0.265735921,0.192706367,0.203870983,0.267449934,0.235141706,0.027088357,0.028893049,0.188398904,0.027874685,0.052945776
3,HBUL,30100,3,1,0,0.219696696,0.526218748,0.58544476,0.707999822,0.612141675,0.44391288,0.469631372,0.616090026,0.541665715,0.200104311,0.213435752,0.433990333,0.205912999,0.235079246
3,HBUL,40100,4,1,0,0.403766901,0.489505812,0.666727952,0.872561943,0.569434116,0.412942214,0.436866392,0.573107001,0.503875084,0.257776296,0.274949986,0.403711938,0.265259104,0.432037533
3,HBUM,10200,1,2,0,0.002968874,0.017336664,0.022635826,0.035399991,0.020167458,0.014625037,0.015472351,0.02029754,0.017845576,0.010485815,0.011184406,0.014298131,0.010790201,0.003176747
3,HBUM,20200,2,2,0,0.049481238,0.123396257,0.134786052,0.168389147,0.14354485,0.10409585,0.110126736,0.144470723,0.127018511,0.027088357,0.028893049,0.101769051,0.027874685,0.052945776
3,HBUM,30200,3,2,0,0.219696696,0.265148981,0.287063424,0.326253972,0.308443479,0.223677033,0.236635962,0.310432959,0.272932337,0.200104311,0.213435752,0.2186773,0.205912999,0.235079246
3,HBUM,40200,4,2,0,0.403766901,0.384466023,0.417733871,0.649637675,0.447243045,0.324331698,0.343122146,0.45012779,0.395751889,0.257776296,0.274949986,0.317082085,0.265259104,0.432037533
3,HBUH,10300,1,3,0,0.002968874,0.003059411,0.007202308,0.016264861,0.003558963,0.002580889,0.002730415,0.003581919,0.003149219,0.010485815,0.011184406,0.0025232,0.010790201,0.003176747
3,HBUH,20300,2,3,0,0.049481238,0.039772347,0.040127145,0.0440108,0.046266522,0.033551555,0.035495394,0.046564944,0.040939851,0.027088357,0.028893049,0.032801595,0.027874685,0.052945776
3,HBUH,30300,3,3,0,0.219696696,0.097901162,0.093630006,0.235362103,0.113886823,0.082588443,0.087373278,0.1146214,0.100775017,0.200104311,0.213435752,0.080742388,0.205912999,0.235079246
3,HBUH,40300,4,3,0,0.403766901,0.222317223,0.25722529,0.418102598,0.258617994,0.187544589,0.198410153,0.260286096,0.228843267,0.257776296,0.274949986,0.183352505,0.265259104,0.432037533
3,HBUL,10101,1,1,1,0.002968874,0.085663517,0.095687808,0.119594565,0.09965097,0.072264888,0.076451619,0.100293725,0.08817814,0.010485815,0.011184406,0.070649589,0.010790201,0.003176747
3,HBUL,20101,2,1,1,0.049481238,0.228436045,0.260311994,0.353999911,0.265735921,0.192706367,0.203870983,0.267449934,0.235141706,0.027088357,0.028893049,0.188398904,0.027874685,0.052945776
3,HBUL,30101,3,1,1,0.219696696,0.526218748,0.58544476,0.707999822,0.612141675,0.44391288,0.469631372,0.616090026,0.541665715,0.200104311,0.213435752,0.433990333,0.205912999,0.235079246
3,HBUL,40101,4,1,1,0.403766901,0.489505812,0.666727952,0.872561943,0.569434116,0.412942214,0.436866392,0.573107001,0.503875084,0.257776296,0.274949986,0.403711938,0.265259104,0.432037533
3,HBUM,10201,1,2,1,0.002968874,0.017336664,0.022635826,0.035399991,0.020167458,0.014625037,0.015472351,0.02029754,0.017845576,0.010485815,0.011184406,0.014298131,0.010790201,0.003176747
3,HBUM,20201,2,2,1,0.049481238,0.123396257,0.134786052,0.168389147,0.14354485,0.10409585,0.110126736,0.144470723,0.127018511,0.027088357,0.028893049,0.101769051,0.027874685,0.052945776
3,HBUM,30201,3,2,1,0.219696696,0.265148981,0.287063424,0.326253972,0.308443479,0.223677033,0.236635962,0.310432959,0.272932337,0.200104311,0.213435752,0.2186773,0.205912999,0.235079246
3,HBUM,40201,4,2,1,0.403766901,0.384466023,0.417733871,0.649637675,0.447243045,0.324331698,0.343122146,0.45012779,0.395751889,0.257776296,0.274949986,0.317082085,0.265259104,0.432037533
3,HBUH,10301,1,3,1,0.002968874,0.003059411,0.007202308,0.016264861,0.003558963,0.002580889,0.002730415,0.003581919,0.003149219,0.010485815,0.011184406,0.0025232,0.010790201,0.003176747
3,HBUH,20301,2,3,1,0.049481238,0.039772347,0.040127145,0.0440108,0.046266522,0.033551555,0.035495394,0.046564944,0.040939851,0.027088357,0.028893049,0.032801595,0.027874685,0.052945776
3,HBUH,30301,3,3,1,0.219696696,0.097901162,0.093630006,0.235362103,0.113886823,0.082588443,0.087373278,0.1146214,0.100775017,0.200104311,0.213435752,0.080742388,0.205912999,0.235079246
3,HBUH,40301,4,3,1,0.403766901,0.222317223,0.25722529,0.418102598,0.258617994,0.187544589,0.198410153,0.260286096,0.228843267,0.257776296,0.274949986,0.183352505,0.265259104,0.432037533
3,HBUL,10102,1,1,2,0.002968874,0.085663517,0.095687808,0.119594565,0.09965097,0.072264888,0.076451619,0.100293725,0.08817814,0.010485815,0.011184406,0.070649589,0.010790201,0.003176747
3,HBUL,20102,2,1,2,0.049481238,0.081584302,0.077167587,0.353999911,0.094905686,0.068823702,0.072811065,0.095517834,0.083979181,0.027088357,0.028893049,0.067285323,0.027874685,0.052945776
3,HBUL,30102,3,1,2,0.219696696,0.444634446,0.468150028,0.707999822,0.517235989,0.375089178,0.396820306,0.520572193,0.457686534,0.200104311,0.213435752,0.36670501,0.205912999,0.235079246
3,HBUL,40102,4,1,2,0.403766901,0.826041057,0.790196091,0.872561943,0.960920071,0.696839987,0.737212037,0.967118064,0.850289204,0.257776296,0.274949986,0.681263895,0.265259104,0.432037533
3,HBUM,10202,1,2,2,0.002968874,0.017336664,0.022635826,0.035399991,0.020167458,0.014625037,0.015472351,0.02029754,0.017845576,0.010485815,0.011184406,0.014298131,0.010790201,0.003176747
3,HBUM,20202,2,2,2,0.049481238,0.056089208,0.06173407,0.102372947,0.065247659,0.047316295,0.050057607,0.065668511,0.057735687,0.027088357,0.028893049,0.04625866,0.027874685,0.052945776
3,HBUM,30202,3,2,2,0.219696696,0.309000544,0.317930458,0.326253972,0.359455286,0.260669773,0.27577191,0.361773794,0.318071147,0.200104311,0.213435752,0.254843161,0.205912999,0.235079246
3,HBUM,40202,4,2,2,0.403766901,0.599644619,0.556635528,0.649637675,0.697556792,0.505854213,0.535161331,0.702056076,0.617246978,0.257776296,0.274949986,0.494547124,0.265259104,0.432037533
3,HBUH,10302,1,3,2,0.002968874,0.003059411,0.007202308,0.016264861,0.003558963,0.002580889,0.002730415,0.003581919,0.003149219,0.010485815,0.011184406,0.0025232,0.010790201,0.003176747
3,HBUH,20302,2,3,2,0.049481238,0.015297057,0.023664727,0.0220054,0.017794816,0.012904444,0.013652075,0.017909594,0.015746096,0.027088357,0.028893049,0.012615998,0.027874685,0.052945776
3,HBUH,30302,3,3,2,0.219696696,0.255970747,0.263398697,0.235362103,0.29776659,0.215934366,0.228444718,0.299687203,0.263484679,0.200104311,0.213435752,0.211107701,0.205912999,0.235079246
3,HBUH,40302,4,3,2,0.403766901,0.497664242,0.459918819,0.418102598,0.578924685,0.419824585,0.444147499,0.582658784,0.512273002,0.257776296,0.274949986,0.41044047,0.265259104,0.432037533
3,HBUL,10103,1,1,3,0.002968874,0.085663517,0.095687808,0.119594565,0.09965097,0.072264888,0.076451619,0.100293725,0.08817814,0.010485815,0.011184406,0.070649589,0.010790201,0.003176747
3,HBUL,20103,2,1,3,0.049481238,0.081584302,0.077167587,0.353999911,0.094905686,0.068823702,0.072811065,0.095517834,0.083979181,0.027088357,0.028893049,0.067285323,0.027874685,0.052945776
3,HBUL,30103,3,1,3,0.219696696,0.444634446,0.468150028,0.707999822,0.517235989,0.375089178,0.396820306,0.520572193,0.457686534,0.200104311,0.213435752,0.36670501,0.205912999,0.235079246
3,HBUL,40103,4,1,3,0.403766901,0.826041057,0.790196091,0.872561943,0.960920071,0.696839987,0.737212037,0.967118064,0.850289204,0.257776296,0.274949986,0.681263895,0.265259104,0.432037533
3,HBUM,10203,1,2,3,0.002968874,0.017336664,0.022635826,0.035399991,0.020167458,0.014625037,0.015472351,0.02029754,0.017845576,0.010485815,0.011184406,0.014298131,0.010790201,0.003176747
3,HBUM,20203,2,2,3,0.049481238,0.056089208,0.06173407,0.102372947,0.065247659,0.047316295,0.050057607,0.065668511,0.057735687,0.027088357,0.028893049,0.04625866,0.027874685,0.052945776
3,HBUM,30203,3,2,3,0.219696696,0.309000544,0.317930458,0.326253972,0.359455286,0.260669773,0.27577191,0.361773794,0.318071147,0.200104311,0.213435752,0.254843161,0.205912999,0.235079246
3,HBUM,40203,4,2,3,0.403766901,0.599644619,0.556635528,0.649637675,0.697556792,0.505854213,0.535161331,0.702056076,0.617246978,0.257776296,0.274949986,0.494547124,0.265259104,0.432037533
3,HBUH,10303,1,3,3,0.002968874,0.003059411,0.007202308,0.016264861,0.003558963,0.002580889,0.002730415,0.003581919,0.003149219,0.010485815,0.011184406,0.0025232,0.010790201,0.003176747
3,HBUH,20303,2,3,3,0.049481238,0.015297057,0.023664727,0.0220054,0.017794816,0.012904444,0.013652075,0.017909594,0.015746096,0.027088357,0.028893049,0.012615998,0.027874685,0.052945776
3,HBUH,30303,3,3,3,0.219696696,0.255970747,0.263398697,0.235362103,0.29776659,0.215934366,0.228444718,0.299687203,0.263484679,0.200104311,0.213435752,0.211107701,0.205912999,0.235079246
3,HBUH,40303,4,3,3,0.403766901,0.497664242,0.459918819,0.418102598,0.578924685,0.419824585,0.444147499,0.582658784,0.512273002,0.257776296,0.274949986,0.41044047,0.265259104,0.432037533
4,HBSCHOOLL,10100,1,1,0,1.169177646,1.002021525,0.408346105,0.929698679,0.897082579,0.986549509,0.884346884,1.027349067,1.134709005,0.897286312,1.018700311,1.112198608,1.254332875,1.236429852
4,HBSCHOOLL,20100,2,1,0,1.169177646,1.002021525,0.408346105,0.929698679,0.897082579,0.986549509,0.884346884,1.027349067,1.134709005,0.897286312,1.018700311,1.112198608,1.254332875,1.236429852
4,HBSCHOOLL,30100,3,1,0,1.169177646,1.002021525,0.408346105,0.929698679,0.897082579,0.986549509,0.884346884,1.027349067,1.134709005,0.897286312,1.018700311,1.112198608,1.254332875,1.236429852
4,HBSCHOOLL,40100,4,1,0,1.169177646,1.002021525,0.408346105,0.929698679,0.897082579,0.986549509,0.884346884,1.027349067,1.134709005,0.897286312,1.018700311,1.112198608,1.254332875,1.236429852
4,HBSCHOOLM,10200,1,2,0,1.169177646,1.002021525,0.408346105,0.929698679,0.897082579,0.986549509,0.884346884,1.027349067,1.134709005,0.897286312,1.018700311,1.112198608,1.254332875,1.236429852
4,HBSCHOOLM,20200,2,2,0,1.169177646,1.002021525,0.408346105,0.929698679,0.897082579,0.986549509,0.884346884,1.027349067,1.134709005,0.897286312,1.018700311,1.112198608,1.254332875,1.236429852
4,HBSCHOOLM,30200,3,2,0,1.169177646,1.002021525,0.408346105,0.929698679,0.897082579,0.986549509,0.884346884,1.027349067,1.134709005,0.897286312,1.018700311,1.112198608,1.254332875,1.236429852
4,HBSCHOOLM,40200,4,2,0,1.169177646,1.002021525,0.408346105,0.929698679,0.897082579,0.986549509,0.884346884,1.027349067,1.134709005,0.897286312,1.018700311,1.112198608,1.254332875,1.236429852
4,HBSCHOOLH,10300,1,3,0,1.169177646,1.002021525,0.408346105,0.929698679,0.897082579,0.986549509,0.884346884,1.027349067,1.134709005,0.897286312,1.018700311,1.112198608,1.254332875,1.236429852
4,HBSCHOOLH,20300,2,3,0,1.169177646,1.002021525,0.408346105,0.929698679,0.897082579,0.986549509,0.884346884,1.027349067,1.134709005,0.897286312,1.018700311,1.112198608,1.254332875,1.236429852
4,HBSCHOOLH,30300,3,3,0,1.169177646,1.002021525,0.408346105,0.929698679,0.897082579,0.986549509,0.884346884,1.027349067,1.134709005,0.897286312,1.018700311,1.112198608,1.254332875,1.236429852
4,HBSCHOOLH,40300,4,3,0,1.169177646,1.002021525,0.408346105,0.929698679,0.897082579,0.986549509,0.884346884,1.027349067,1.134709005,0.897286312,1.018700311,1.112198608,1.254332875,1.236429852
4,HBSCHOOLL,10101,1,1,1,1.169177646,1.002021525,0.408346105,0.929698679,0.897082579,0.986549509,0.884346884,1.027349067,1.134709005,0.897286312,1.018700311,1.112198608,1.254332875,1.236429852
4,HBSCHOOLL,20101,2,1,1,1.169177646,1.002021525,0.408346105,0.929698679,0.897082579,0.986549509,0.884346884,1.027349067,1.134709005,0.897286312,1.018700311,1.112198608,1.254332875,1.236429852
4,HBSCHOOLL,30101,3,1,1,1.169177646,1.002021525,0.408346105,0.929698679,0.897082579,0.986549509,0.884346884,1.027349067,1.134709005,0.897286312,1.018700311,1.112198608,1.254332875,1.236429852
4,HBSCHOOLL,40101,4,1,1,1.169177646,1.002021525,0.408346105,0.929698679,0.897082579,0.986549509,0.884346884,1.027349067,1.134709005,0.897286312,1.018700311,1.112198608,1.254332875,1.236429852
4,HBSCHOOLM,10201,1,2,1,1.169177646,1.002021525,0.408346105,0.929698679,0.897082579,0.986549509,0.884346884,1.027349067,1.134709005,0.897286312,1.018700311,1.112198608,1.254332875,1.236429852
4,HBSCHOOLM,20201,2,2,1,1.169177646,1.002021525,0.408346105,0.929698679,0.897082579,0.986549509,0.884346884,1.027349067,1.134709005,0.897286312,1.018700311,1.112198608,1.254332875,1.236429852
4,HBSCHOOLM,30201,3,2,1,1.169177646,1.002021525,0.408346105,0.929698679,0.897082579,0.986549509,0.884346884,1.027349067,1.134709005,0.897286312,1.018700311,1.112198608,1.254332875,1.236429852
4,HBSCHOOLM,40201,4,2,1,1.169177646,1.002021525,0.408346105,0.929698679,0.897082579,0.986549509,0.884346884,1.027349067,1.134709005,0.897286312,1.018700311,1.112198608,1.254332875,1.236429852
4,HBSCHOOLH,10301,1,3,1,1.169177646,1.002021525,0.408346105,0.929698679,0.897082579,0.986549509,0.884346884,1.027349067,1.134709005,0.897286312,1.018700311,1.112198608,1.254332875,1.236429852
4,HBSCHOOLH,20301,2,3,1,1.169177646,1.002021525,0.408346105,0.929698679,0.897082579,0.986549509,0.884346884,1.027349067,1.134709005,0.897286312,1.018700311,1.112198608,1.254332875,1.236429852
4,HBSCHOOLH,30301,3,3,1,1.169177646,1.002021525,0.408346105,0.929698679,0.897082579,0.986549509,0.884346884,1.027349067,1.134709005,0.897286312,1.018700311,1.112198608,1.254332875,1.236429852
4,HBSCHOOLH,40301,4,3,1,1.169177646,1.002021525,0.408346105,0.929698679,0.897082579,0.986549509,0.884346884,1.027349067,1.134709005,0.897286312,1.018700311,1.112198608,1.254332875,1.236429852
4,HBSCHOOLL,10102,1,1,2,1.169177646,1.002021525,0.408346105,0.929698679,0.897082579,0.986549509,0.884346884,1.027349067,1.134709005,0.897286312,1.018700311,1.112198608,1.254332875,1.236429852
4,HBSCHOOLL,20102,2,1,2,1.169177646,1.002021525,0.408346105,0.929698679,0.897082579,0.986549509,0.884346884,1.027349067,1.134709005,0.897286312,1.018700311,1.112198608,1.254332875,1.236429852
4,HBSCHOOLL,30102,3,1,2,1.169177646,1.002021525,0.408346105,0.929698679,0.897082579,0.986549509,0.884346884,1.027349067,1.134709005,0.897286312,1.018700311,1.112198608,1.254332875,1.236429852
4,HBSCHOOLL,40102,4,1,2,1.169177646,1.002021525,0.408346105,0.929698679,0.897082579,0.986549509,0.884346884,1.027349067,1.134709005,0.897286312,1.018700311,1.112198608,1.254332875,1.236429852
4,HBSCHOOLM,10202,1,2,2,1.169177646,1.002021525,0.408346105,0.929698679,0.897082579,0.986549509,0.884346884,1.027349067,1.134709005,0.897286312,1.018700311,1.112198608,1.254332875,1.236429852
4,HBSCHOOLM,20202,2,2,2,1.169177646,1.002021525,0.408346105,0.929698679,0.897082579,0.986549509,0.884346884,1.027349067,1.134709005,0.897286312,1.018700311,1.112198608,1.254332875,1.236429852
4,HBSCHOOLM,30202,3,2,2,1.169177646,1.002021525,0.408346105,0.929698679,0.897082579,0.986549509,0.884346884,1.027349067,1.134709005,0.897286312,1.018700311,1.112198608,1.254332875,1.236429852
4,HBSCHOOLM,40202,4,2,2,1.169177646,1.002021525,0.408346105,0.929698679,0.897082579,0.986549509,0.884346884,1.027349067,1.134709005,0.897286312,1.018700311,1.112198608,1.254332875,1.236429852
4,HBSCHOOLH,10302,1,3,2,1.169177646,1.002021525,0.408346105,0.929698679,0.897082579,0.986549509,0.884346884,1.027349067,1.134709005,0.897286312,1.018700311,1.112198608,1.254332875,1.236429852
4,HBSCHOOLH,20302,2,3,2,1.169177646,1.002021525,0.408346105,0.929698679,0.897082579,0.986549509,0.884346884,1.027349067,1.134709005,0.897286312,1.018700311,1.112198608,1.254332875,1.236429852
4,HBSCHOOLH,30302,3,3,2,1.169177646,1.002021525,0.408346105,0.929698679,0.897082579,0.986549509,0.884346884,1.027349067,1.134709005,0.897286312,1.018700311,1.112198608,1.254332875,1.236429852
4,HBSCHOOLH,40302,4,3,2,1.169177646,1.002021525,0.408346105,0.929698679,0.897082579,0.986549509,0.884346884,1.027349067,1.134709005,0.897286312,1.018700311,1.112198608,1.254332875,1.236429852
4,HBSCHOOLL,10103,1,1,3,1.169177646,1.002021525,0.408346105,0.929698679,0.897082579,0.986549509,0.884346884,1.027349067,1.134709005,0.897286312,1.018700311,1.112198608,1.254332875,1.236429852
4,HBSCHOOLL,20103,2,1,3,1.169177646,1.002021525,0.408346105,0.929698679,0.897082579,0.986549509,0.884346884,1.027349067,1.134709005,0.897286312,1.018700311,1.112198608,1.254332875,1.236429852
4,HBSCHOOLL,30103,3,1,3,1.169177646,1.002021525,0.408346105,0.929698679,0.897082579,0.986549509,0.884346884,1.027349067,1.134709005,0.897286312,1.018700311,1.112198608,1.254332875,1.236429852
4,HBSCHOOLL,40103,4,1,3,1.169177646,1.002021525,0.408346105,0.929698679,0.897082579,0.986549509,0.884346884,1.027349067,1.134709005,0.897286312,1.018700311,1.112198608,1.254332875,1.236429852
4,HBSCHOOLM,10203,1,2,3,1.169177646,1.002021525,0.408346105,0.929698679,0.897082579,0.986549509,0.884346884,1.027349067,1.134709005,0.897286312,1.018700311,1.112198608,1.254332875,1.236429852
4,HBSCHOOLM,20203,2,2,3,1.169177646,1.002021525,0.408346105,0.929698679,0.897082579,0.986549509,0.884346884,1.027349067,1.134709005,0.897286312,1.018700311,1.112198608,1.254332875,1.236429852
4,HBSCHOOLM,30203,3,2,3,1.169177646,1.002021525,0.408346105,0.929698679,0.897082579,0.986549509,0.884346884,1.027349067,1.134709005,0.897286312,1.018700311,1.112198608,1.254332875,1.236429852
4,HBSCHOOLM,40203,4,2,3,1.169177646,1.002021525,0.408346105,0.929698679,0.897082579,0.986549509,0.884346884,1.027349067,1.134709005,0.897286312,1.018700311,1.112198608,1.254332875,1.236429852
4,HBSCHOOLH,10303,1,3,3,1.169177646,1.002021525,0.408346105,0.929698679,0.897082579,0.986549509,0.884346884,1.027349067,1.134709005,0.897286312,1.018700311,1.112198608,1.254332875,1.236429852
4,HBSCHOOLH,20303,2,3,3,1.169177646,1.002021525,0.408346105,0.929698679,0.897082579,0.986549509,0.884346884,1.027349067,1.134709005,0.897286312,1.018700311,1.112198608,1.254332875,1.236429852
4,HBSCHOOLH,30303,3,3,3,1.169177646,1.002021525,0.408346105,0.929698679,0.897082579,0.986549509,0.884346884,1.027349067,1.134709005,0.897286312,1.018700311,1.112198608,1.254332875,1.236429852
4,HBSCHOOLH,40303,4,3,3,1.169177646,1.002021525,0.408346105,0.929698679,0.897082579,0.986549509,0.884346884,1.027349067,1.134709005,0.897286312,1.018700311,1.112198608,1.254332875,1.236429852
5,HBSHOPL,10100,1,1,0,0.880467617,1.021676149,0.858345211,0.740450338,0.861518989,0.889211051,0.857039607,1.0009923,0.901148445,1.179208515,0.846965729,1.069924803,0.921281771,1.074825106
5,HBSHOPL,20100,2,1,0,0.880467617,1.021676149,0.858345211,0.740450338,0.861518989,0.889211051,0.857039607,1.0009923,0.901148445,1.179208515,0.846965729,1.069924803,0.921281771,1.074825106
5,HBSHOPL,30100,3,1,0,0.880467617,1.021676149,0.858345211,0.740450338,0.861518989,0.889211051,0.857039607,1.0009923,0.901148445,1.179208515,0.846965729,1.069924803,0.921281771,1.074825106
5,HBSHOPL,40100,4,1,0,0.880467617,1.021676149,0.858345211,0.740450338,0.861518989,0.889211051,0.857039607,1.0009923,0.901148445,1.179208515,0.846965729,1.069924803,0.921281771,1.074825106
5,HBSHOPM,10200,1,2,0,0.920488873,1.151889776,1.147787201,1.480900676,1.121978219,0.969140135,0.956695375,1.071769534,1.1915185,1.35908778,0.956573059,1.179917072,0.980719304,1.235546617
5,HBSHOPM,20200,2,2,0,0.920488873,1.151889776,1.147787201,1.480900676,1.121978219,0.969140135,0.956695375,1.071769534,1.1915185,1.35908778,0.956573059,1.179917072,0.980719304,1.235546617
5,HBSHOPM,30200,3,2,0,0.920488873,1.151889776,1.147787201,1.480900676,1.121978219,0.969140135,0.956695375,1.071769534,1.1915185,1.35908778,0.956573059,1.179917072,0.980719304,1.235546617
5,HBSHOPM,40200,4,2,0,0.920488873,1.151889776,1.147787201,1.480900676,1.121978219,0.969140135,0.956695375,1.071769534,1.1915185,1.35908778,0.956573059,1.179917072,0.980719304,1.235546617
5,HBSHOPH,10300,1,3,0,0.890472931,1.031692582,0.968133552,0.840511194,0.90158964,0.899202187,0.827142876,1.041436434,0.770982559,1.019315835,0.807108519,0.949933236,0.851937981,1.004509444
5,HBSHOPH,20300,2,3,0,0.890472931,1.031692582,0.968133552,0.840511194,0.90158964,0.899202187,0.827142876,1.041436434,0.770982559,1.019315835,0.807108519,0.949933236,0.851937981,1.004509444
5,HBSHOPH,30300,3,3,0,0.890472931,1.031692582,0.968133552,0.840511194,0.90158964,0.899202187,0.827142876,1.041436434,0.770982559,1.019315835,0.807108519,0.949933236,0.851937981,1.004509444
5,HBSHOPH,40300,4,3,0,0.890472931,1.031692582,0.968133552,0.840511194,0.90158964,0.899202187,0.827142876,1.041436434,0.770982559,1.019315835,0.807108519,0.949933236,0.851937981,1.004509444
5,HBSHOPL,10101,1,1,1,0.880467617,1.021676149,0.858345211,0.740450338,0.861518989,0.889211051,0.857039607,1.0009923,0.901148445,1.179208515,0.846965729,1.069924803,0.921281771,1.074825106
5,HBSHOPL,20101,2,1,1,0.880467617,1.021676149,0.858345211,0.740450338,0.861518989,0.889211051,0.857039607,1.0009923,0.901148445,1.179208515,0.846965729,1.069924803,0.921281771,1.074825106
5,HBSHOPL,30101,3,1,1,0.880467617,1.021676149,0.858345211,0.740450338,0.861518989,0.889211051,0.857039607,1.0009923,0.901148445,1.179208515,0.846965729,1.069924803,0.921281771,1.074825106
5,HBSHOPL,40101,4,1,1,0.880467617,1.021676149,0.858345211,0.740450338,0.861518989,0.889211051,0.857039607,1.0009923,0.901148445,1.179208515,0.846965729,1.069924803,0.921281771,1.074825106
5,HBSHOPM,10201,1,2,1,0.920488873,1.151889776,1.147787201,1.480900676,1.121978219,0.969140135,0.956695375,1.071769534,1.1915185,1.35908778,0.956573059,1.179917072,0.980719304,1.235546617
5,HBSHOPM,20201,2,2,1,0.920488873,1.151889776,1.147787201,1.480900676,1.121978219,0.969140135,0.956695375,1.071769534,1.1915185,1.35908778,0.956573059,1.179917072,0.980719304,1.235546617
5,HBSHOPM,30201,3,2,1,0.920488873,1.151889776,1.147787201,1.480900676,1.121978219,0.969140135,0.956695375,1.071769534,1.1915185,1.35908778,0.956573059,1.179917072,0.980719304,1.235546617
5,HBSHOPM,40201,4,2,1,0.920488873,1.151889776,1.147787201,1.480900676,1.121978219,0.969140135,0.956695375,1.071769534,1.1915185,1.35908778,0.956573059,1.179917072,0.980719304,1.235546617
5,HBSHOPH,10301,1,3,1,0.890472931,1.031692582,0.968133552,0.840511194,0.90158964,0.899202187,0.827142876,1.041436434,0.770982559,1.019315835,0.807108519,0.949933236,0.851937981,1.004509444
5,HBSHOPH,20301,2,3,1,0.890472931,1.031692582,0.968133552,0.840511194,0.90158964,0.899202187,0.827142876,1.041436434,0.770982559,1.019315835,0.807108519,0.949933236,0.851937981,1.004509444
5,HBSHOPH,30301,3,3,1,0.890472931,1.031692582,0.968133552,0.840511194,0.90158964,0.899202187,0.827142876,1.041436434,0.770982559,1.019315835,0.807108519,0.949933236,0.851937981,1.004509444
5,HBSHOPH,40301,4,3,1,0.890472931,1.031692582,0.968133552,0.840511194,0.90158964,0.899202187,0.827142876,1.041436434,0.770982559,1.019315835,0.807108519,0.949933236,0.851937981,1.004509444
5,HBSHOPL,10102,1,1,2,0.880467617,1.021676149,0.858345211,0.740450338,0.861518989,0.889211051,0.857039607,1.0009923,0.901148445,1.179208515,0.846965729,1.069924803,0.921281771,1.074825106
5,HBSHOPL,20102,2,1,2,0.880467617,1.021676149,0.858345211,0.740450338,0.861518989,0.889211051,0.857039607,1.0009923,0.901148445,1.179208515,0.846965729,1.069924803,0.921281771,1.074825106
5,HBSHOPL,30102,3,1,2,0.880467617,1.021676149,0.858345211,0.740450338,0.861518989,0.889211051,0.857039607,1.0009923,0.901148445,1.179208515,0.846965729,1.069924803,0.921281771,1.074825106
5,HBSHOPL,40102,4,1,2,0.880467617,1.021676149,0.858345211,0.740450338,0.861518989,0.889211051,0.857039607,1.0009923,0.901148445,1.179208515,0.846965729,1.069924803,0.921281771,1.074825106
5,HBSHOPM,10202,1,2,2,0.920488873,1.151889776,1.147787201,1.480900676,1.121978219,0.969140135,0.956695375,1.071769534,1.1915185,1.35908778,0.956573059,1.179917072,0.980719304,1.235546617
5,HBSHOPM,20202,2,2,2,0.920488873,1.151889776,1.147787201,1.480900676,1.121978219,0.969140135,0.956695375,1.071769534,1.1915185,1.35908778,0.956573059,1.179917072,0.980719304,1.235546617
5,HBSHOPM,30202,3,2,2,0.920488873,1.151889776,1.147787201,1.480900676,1.121978219,0.969140135,0.956695375,1.071769534,1.1915185,1.35908778,0.956573059,1.179917072,0.980719304,1.235546617
5,HBSHOPM,40202,4,2,2,0.920488873,1.151889776,1.147787201,1.480900676,1.121978219,0.969140135,0.956695375,1.071769534,1.1915185,1.35908778,0.956573059,1.179917072,0.980719304,1.235546617
5,HBSHOPH,10302,1,3,2,0.890472931,1.031692582,0.968133552,0.840511194,0.90158964,0.899202187,0.827142876,1.041436434,0.770982559,1.019315835,0.807108519,0.949933236,0.851937981,1.004509444
5,HBSHOPH,20302,2,3,2,0.890472931,1.031692582,0.968133552,0.840511194,0.90158964,0.899202187,0.827142876,1.041436434,0.770982559,1.019315835,0.807108519,0.949933236,0.851937981,1.004509444
5,HBSHOPH,30302,3,3,2,0.890472931,1.031692582,0.968133552,0.840511194,0.90158964,0.899202187,0.827142876,1.041436434,0.770982559,1.019315835,0.807108519,0.949933236,0.851937981,1.004509444
5,HBSHOPH,40302,4,3,2,0.890472931,1.031692582,0.968133552,0.840511194,0.90158964,0.899202187,0.827142876,1.041436434,0.770982559,1.019315835,0.807108519,0.949933236,0.851937981,1.004509444
5,HBSHOPL,10103,1,1,3,0.880467617,1.021676149,0.858345211,0.740450338,0.861518989,0.889211051,0.857039607,1.0009923,0.901148445,1.179208515,0.846965729,1.069924803,0.921281771,1.074825106
5,HBSHOPL,20103,2,1,3,0.880467617,1.021676149,0.858345211,0.740450338,0.861518989,0.889211051,0.857039607,1.0009923,0.901148445,1.179208515,0.846965729,1.069924803,0.921281771,1.074825106
5,HBSHOPL,30103,3,1,3,0.880467617,1.021676149,0.858345211,0.740450338,0.861518989,0.889211051,0.857039607,1.0009923,0.901148445,1.179208515,0.846965729,1.069924803,0.921281771,1.074825106
5,HBSHOPL,40103,4,1,3,0.880467617,1.021676149,0.858345211,0.740450338,0.861518989,0.889211051,0.857039607,1.0009923,0.901148445,1.179208515,0.846965729,1.069924803,0.921281771,1.074825106
5,HBSHOPM,10203,1,2,3,0.920488873,1.151889776,1.147787201,1.480900676,1.121978219,0.969140135,0.956695375,1.071769534,1.1915185,1.35908778,0.956573059,1.179917072,0.980719304,1.235546617
5,HBSHOPM,20203,2,2,3,0.920488873,1.151889776,1.147787201,1.480900676,1.121978219,0.969140135,0.956695375,1.071769534,1.1915185,1.35908778,0.956573059,1.179917072,0.980719304,1.235546617
5,HBSHOPM,30203,3,2,3,0.920488873,1.151889776,1.147787201,1.480900676,1.121978219,0.969140135,0.956695375,1.071769534,1.1915185,1.35908778,0.956573059,1.179917072,0.980719304,1.235546617
5,HBSHOPM,40203,4,2,3,0.920488873,1.151889776,1.147787201,1.480900676,1.121978219,0.969140135,0.956695375,1.071769534,1.1915185,1.35908778,0.956573059,1.179917072,0.980719304,1.235546617
5,HBSHOPH,10303,1,3,3,0.890472931,1.031692582,0.968133552,0.840511194,0.90158964,0.899202187,0.827142876,1.041436434,0.770982559,1.019315835,0.807108519,0.949933236,0.851937981,1.004509444
5,HBSHOPH,20303,2,3,3,0.890472931,1.031692582,0.968133552,0.840511194,0.90158964,0.899202187,0.827142876,1.041436434,0.770982559,1.019315835,0.807108519,0.949933236,0.851937981,1.004509444
5,HBSHOPH,30303,3,3,3,0.890472931,1.031692582,0.968133552,0.840511194,0.90158964,0.899202187,0.827142876,1.041436434,0.770982559,1.019315835,0.807108519,0.949933236,0.851937981,1.004509444
5,HBSHOPH,40303,4,3,3,0.890472931,1.031692582,0.968133552,0.840511194,0.90158964,0.899202187,0.827142876,1.041436434,0.770982559,1.019315835,0.807108519,0.949933236,0.851937981,1.004509444
6,HBPBL,10100,1,1,0,0.993144315,0.971661386,0.732931861,0.699668858,0.890507291,0.859800554,0.800523431,1.103718571,0.911368534,1.070467286,1.108297818,1.189989375,1.250610809,1.093670041
6,HBPBL,20100,2,1,0,0.993144315,0.971661386,0.732931861,0.699668858,0.890507291,0.859800554,0.800523431,1.103718571,0.911368534,1.070467286,1.108297818,1.189989375,1.250610809,1.093670041
6,HBPBL,30100,3,1,0,0.993144315,0.971661386,0.732931861,0.699668858,0.890507291,0.859800554,0.800523431,1.103718571,0.911368534,1.070467286,1.108297818,1.189989375,1.250610809,1.093670041
6,HBPBL,40100,4,1,0,0.993144315,0.971661386,0.732931861,0.699668858,0.890507291,0.859800554,0.800523431,1.103718571,0.911368534,1.070467286,1.108297818,1.189989375,1.250610809,1.093670041
6,HBPBM,10200,1,2,0,1.133588966,1.292209472,0.993976085,1.449314064,1.040592789,0.959777362,0.890582317,1.255606448,1.131699389,1.210528426,1.268052458,1.38998759,1.488822392,1.334478124
6,HBPBM,20200,2,2,0,1.133588966,1.292209472,0.993976085,1.449314064,1.040592789,0.959777362,0.890582317,1.255606448,1.131699389,1.210528426,1.268052458,1.38998759,1.488822392,1.334478124
6,HBPBM,30200,3,2,0,1.133588966,1.292209472,0.993976085,1.449314064,1.040592789,0.959777362,0.890582317,1.255606448,1.131699389,1.210528426,1.268052458,1.38998759,1.488822392,1.334478124
6,HBPBM,40200,4,2,0,1.133588966,1.292209472,0.993976085,1.449314064,1.040592789,0.959777362,0.890582317,1.255606448,1.131699389,1.210528426,1.268052458,1.38998759,1.488822392,1.334478124
6,HBPBH,10300,1,3,0,1.033271358,0.961644259,0.843373648,0.909569516,0.870495891,0.869798235,0.820536517,1.144222005,0.761142952,1.030449817,1.108297818,0.999991072,1.012399227,0.872929299
6,HBPBH,20300,2,3,0,1.033271358,0.961644259,0.843373648,0.909569516,0.870495891,0.869798235,0.820536517,1.144222005,0.761142952,1.030449817,1.108297818,0.999991072,1.012399227,0.872929299
6,HBPBH,30300,3,3,0,1.033271358,0.961644259,0.843373648,0.909569516,0.870495891,0.869798235,0.820536517,1.144222005,0.761142952,1.030449817,1.108297818,0.999991072,1.012399227,0.872929299
6,HBPBH,40300,4,3,0,1.033271358,0.961644259,0.843373648,0.909569516,0.870495891,0.869798235,0.820536517,1.144222005,0.761142952,1.030449817,1.108297818,0.999991072,1.012399227,0.872929299
6,HBPBL,10101,1,1,1,0.993144315,0.971661386,0.732931861,0.699668858,0.890507291,0.859800554,0.800523431,1.103718571,0.911368534,1.070467286,1.108297818,1.189989375,1.250610809,1.093670041
6,HBPBL,20101,2,1,1,0.993144315,0.971661386,0.732931861,0.699668858,0.890507291,0.859800554,0.800523431,1.103718571,0.911368534,1.070467286,1.108297818,1.189989375,1.250610809,1.093670041
6,HBPBL,30101,3,1,1,0.993144315,0.971661386,0.732931861,0.699668858,0.890507291,0.859800554,0.800523431,1.103718571,0.911368534,1.070467286,1.108297818,1.189989375,1.250610809,1.093670041
6,HBPBL,40101,4,1,1,0.993144315,0.971661386,0.732931861,0.699668858,0.890507291,0.859800554,0.800523431,1.103718571,0.911368534,1.070467286,1.108297818,1.189989375,1.250610809,1.093670041
6,HBPBM,10201,1,2,1,1.133588966,1.292209472,0.993976085,1.449314064,1.040592789,0.959777362,0.890582317,1.255606448,1.131699389,1.210528426,1.268052458,1.38998759,1.488822392,1.334478124
6,HBPBM,20201,2,2,1,1.133588966,1.292209472,0.993976085,1.449314064,1.040592789,0.959777362,0.890582317,1.255606448,1.131699389,1.210528426,1.268052458,1.38998759,1.488822392,1.334478124
6,HBPBM,30201,3,2,1,1.133588966,1.292209472,0.993976085,1.449314064,1.040592789,0.959777362,0.890582317,1.255606448,1.131699389,1.210528426,1.268052458,1.38998759,1.488822392,1.334478124
6,HBPBM,40201,4,2,1,1.133588966,1.292209472,0.993976085,1.449314064,1.040592789,0.959777362,0.890582317,1.255606448,1.131699389,1.210528426,1.268052458,1.38998759,1.488822392,1.334478124
6,HBPBH,10301,1,3,1,1.033271358,0.961644259,0.843373648,0.909569516,0.870495891,0.869798235,0.820536517,1.144222005,0.761142952,1.030449817,1.108297818,0.999991072,1.012399227,0.872929299
6,HBPBH,20301,2,3,1,1.033271358,0.961644259,0.843373648,0.909569516,0.870495891,0.869798235,0.820536517,1.144222005,0.761142952,1.030449817,1.108297818,0.999991072,1.012399227,0.872929299
6,HBPBH,30301,3,3,1,1.033271358,0.961644259,0.843373648,0.909569516,0.870495891,0.869798235,0.820536517,1.144222005,0.761142952,1.030449817,1.108297818,0.999991072,1.012399227,0.872929299
6,HBPBH,40301,4,3,1,1.033271358,0.961644259,0.843373648,0.909569516,0.870495891,0.869798235,0.820536517,1.144222005,0.761142952,1.030449817,1.108297818,0.999991072,1.012399227,0.872929299
6,HBPBL,10102,1,1,2,0.993144315,0.971661386,0.732931861,0.699668858,0.890507291,0.859800554,0.800523431,1.103718571,0.911368534,1.070467286,1.108297818,1.189989375,1.250610809,1.093670041
6,HBPBL,20102,2,1,2,0.993144315,0.971661386,0.732931861,0.699668858,0.890507291,0.859800554,0.800523431,1.103718571,0.911368534,1.070467286,1.108297818,1.189989375,1.250610809,1.093670041
6,HBPBL,30102,3,1,2,0.993144315,0.971661386,0.732931861,0.699668858,0.890507291,0.859800554,0.800523431,1.103718571,0.911368534,1.070467286,1.108297818,1.189989375,1.250610809,1.093670041
6,HBPBL,40102,4,1,2,0.993144315,0.971661386,0.732931861,0.699668858,0.890507291,0.859800554,0.800523431,1.103718571,0.911368534,1.070467286,1.108297818,1.189989375,1.250610809,1.093670041
6,HBPBM,10202,1,2,2,1.133588966,1.292209472,0.993976085,1.449314064,1.040592789,0.959777362,0.890582317,1.255606448,1.131699389,1.210528426,1.268052458,1.38998759,1.488822392,1.334478124
6,HBPBM,20202,2,2,2,1.133588966,1.292209472,0.993976085,1.449314064,1.040592789,0.959777362,0.890582317,1.255606448,1.131699389,1.210528426,1.268052458,1.38998759,1.488822392,1.334478124
6,HBPBM,30202,3,2,2,1.133588966,1.292209472,0.993976085,1.449314064,1.040592789,0.959777362,0.890582317,1.255606448,1.131699389,1.210528426,1.268052458,1.38998759,1.488822392,1.334478124
6,HBPBM,40202,4,2,2,1.133588966,1.292209472,0.993976085,1.449314064,1.040592789,0.959777362,0.890582317,1.255606448,1.131699389,1.210528426,1.268052458,1.38998759,1.488822392,1.334478124
6,HBPBH,10302,1,3,2,1.033271358,0.961644259,0.843373648,0.909569516,0.870495891,0.869798235,0.820536517,1.144222005,0.761142952,1.030449817,1.108297818,0.999991072,1.012399227,0.872929299
6,HBPBH,20302,2,3,2,1.033271358,0.961644259,0.843373648,0.909569516,0.870495891,0.869798235,0.820536517,1.144222005,0.761142952,1.030449817,1.108297818,0.999991072,1.012399227,0.872929299
6,HBPBH,30302,3,3,2,1.033271358,0.961644259,0.843373648,0.909569516,0.870495891,0.869798235,0.820536517,1.144222005,0.761142952,1.030449817,1.108297818,0.999991072,1.012399227,0.872929299
6,HBPBH,40302,4,3,2,1.033271358,0.961644259,0.843373648,0.909569516,0.870495891,0.869798235,0.820536517,1.144222005,0.761142952,1.030449817,1.108297818,0.999991072,1.012399227,0.872929299
6,HBPBL,10103,1,1,3,0.993144315,0.971661386,0.732931861,0.699668858,0.890507291,0.859800554,0.800523431,1.103718571,0.911368534,1.070467286,1.108297818,1.189989375,1.250610809,1.093670041
6,HBPBL,20103,2,1,3,0.993144315,0.971661386,0.732931861,0.699668858,0.890507291,0.859800554,0.800523431,1.103718571,0.911368534,1.070467286,1.108297818,1.189989375,1.250610809,1.093670041
6,HBPBL,30103,3,1,3,0.993144315,0.971661386,0.732931861,0.699668858,0.890507291,0.859800554,0.800523431,1.103718571,0.911368534,1.070467286,1.108297818,1.189989375,1.250610809,1.093670041
6,HBPBL,40103,4,1,3,0.993144315,0.971661386,0.732931861,0.699668858,0.890507291,0.859800554,0.800523431,1.103718571,0.911368534,1.070467286,1.108297818,1.189989375,1.250610809,1.093670041
6,HBPBM,10203,1,2,3,1.133588966,1.292209472,0.993976085,1.449314064,1.040592789,0.959777362,0.890582317,1.255606448,1.131699389,1.210528426,1.268052458,1.38998759,1.488822392,1.334478124
6,HBPBM,20203,2,2,3,1.133588966,1.292209472,0.993976085,1.449314064,1.040592789,0.959777362,0.890582317,1.255606448,1.131699389,1.210528426,1.268052458,1.38998759,1.488822392,1.334478124
6,HBPBM,30203,3,2,3,1.133588966,1.292209472,0.993976085,1.449314064,1.040592789,0.959777362,0.890582317,1.255606448,1.131699389,1.210528426,1.268052458,1.38998759,1.488822392,1.334478124
6,HBPBM,40203,4,2,3,1.133588966,1.292209472,0.993976085,1.449314064,1.040592789,0.959777362,0.890582317,1.255606448,1.131699389,1.210528426,1.268052458,1.38998759,1.488822392,1.334478124
6,HBPBH,10303,1,3,3,1.033271358,0.961644259,0.843373648,0.909569516,0.870495891,0.869798235,0.820536517,1.144222005,0.761142952,1.030449817,1.108297818,0.999991072,1.012399227,0.872929299
6,HBPBH,20303,2,3,3,1.033271358,0.961644259,0.843373648,0.909569516,0.870495891,0.869798235,0.820536517,1.144222005,0.761142952,1.030449817,1.108297818,0.999991072,1.012399227,0.872929299
6,HBPBH,30303,3,3,3,1.033271358,0.961644259,0.843373648,0.909569516,0.870495891,0.869798235,0.820536517,1.144222005,0.761142952,1.030449817,1.108297818,0.999991072,1.012399227,0.872929299
6,HBPBH,40303,4,3,3,1.033271358,0.961644259,0.843373648,0.909569516,0.870495891,0.869798235,0.820536517,1.144222005,0.761142952,1.030449817,1.108297818,0.999991072,1.012399227,0.872929299
7,HBSOCL,10100,1,1,0,1.242859617,1.08166204,0.880496763,0.831994075,0.749958809,0.869146743,0.938797171,1.193797259,0.841385605,1.086923555,0.947133208,1.088140855,0.865181095,1.023836473
7,HBSOCL,20100,2,1,0,1.242859617,1.08166204,0.880496763,0.831994075,0.749958809,0.869146743,0.938797171,1.193797259,0.841385605,1.086923555,0.947133208,1.088140855,0.865181095,1.023836473
7,HBSOCL,30100,3,1,0,1.242859617,1.08166204,0.880496763,0.831994075,0.749958809,0.869146743,0.938797171,1.193797259,0.841385605,1.086923555,0.947133208,1.088140855,0.865181095,1.023836473
7,HBSOCL,40100,4,1,0,1.242859617,1.08166204,0.880496763,0.831994075,0.749958809,0.869146743,0.938797171,1.193797259,0.841385605,1.086923555,0.947133208,1.088140855,0.865181095,1.023836473
7,HBSOCM,10200,1,2,0,1.4032286,1.332046771,1.230694339,1.533675825,1.079940684,0.989029053,1.098592434,1.294966518,1.031699015,1.116838882,1.036861617,1.217919122,0.944737977,1.274776785
7,HBSOCM,20200,2,2,0,1.4032286,1.332046771,1.230694339,1.533675825,1.079940684,0.989029053,1.098592434,1.294966518,1.031699015,1.116838882,1.036861617,1.217919122,0.944737977,1.274776785
7,HBSOCM,30200,3,2,0,1.4032286,1.332046771,1.230694339,1.533675825,1.079940684,0.989029053,1.098592434,1.294966518,1.031699015,1.116838882,1.036861617,1.217919122,0.944737977,1.274776785
7,HBSOCM,40200,4,2,0,1.4032286,1.332046771,1.230694339,1.533675825,1.079940684,0.989029053,1.098592434,1.294966518,1.031699015,1.116838882,1.036861617,1.217919122,0.944737977,1.274776785
7,HBSOCH,10300,1,3,0,1.242859617,1.031585094,0.990558858,0.912186275,0.849953316,0.919097706,0.85889954,1.183680333,0.751237147,1.096895331,0.917223738,0.968345531,0.805513433,0.833121836
7,HBSOCH,20300,2,3,0,1.242859617,1.031585094,0.990558858,0.912186275,0.849953316,0.919097706,0.85889954,1.183680333,0.751237147,1.096895331,0.917223738,0.968345531,0.805513433,0.833121836
7,HBSOCH,30300,3,3,0,1.242859617,1.031585094,0.990558858,0.912186275,0.849953316,0.919097706,0.85889954,1.183680333,0.751237147,1.096895331,0.917223738,0.968345531,0.805513433,0.833121836
7,HBSOCH,40300,4,3,0,1.242859617,1.031585094,0.990558858,0.912186275,0.849953316,0.919097706,0.85889954,1.183680333,0.751237147,1.096895331,0.917223738,0.968345531,0.805513433,0.833121836
7,HBSOCL,10101,1,1,1,1.242859617,1.08166204,0.880496763,0.831994075,0.749958809,0.869146743,0.938797171,1.193797259,0.841385605,1.086923555,0.947133208,1.088140855,0.865181095,1.023836473
7,HBSOCL,20101,2,1,1,1.242859617,1.08166204,0.880496763,0.831994075,0.749958809,0.869146743,0.938797171,1.193797259,0.841385605,1.086923555,0.947133208,1.088140855,0.865181095,1.023836473
7,HBSOCL,30101,3,1,1,1.242859617,1.08166204,0.880496763,0.831994075,0.749958809,0.869146743,0.938797171,1.193797259,0.841385605,1.086923555,0.947133208,1.088140855,0.865181095,1.023836473
7,HBSOCL,40101,4,1,1,1.242859617,1.08166204,0.880496763,0.831994075,0.749958809,0.869146743,0.938797171,1.193797259,0.841385605,1.086923555,0.947133208,1.088140855,0.865181095,1.023836473
7,HBSOCM,10201,1,2,1,1.4032286,1.332046771,1.230694339,1.533675825,1.079940684,0.989029053,1.098592434,1.294966518,1.031699015,1.116838882,1.036861617,1.217919122,0.944737977,1.274776785
7,HBSOCM,20201,2,2,1,1.4032286,1.332046771,1.230694339,1.533675825,1.079940684,0.989029053,1.098592434,1.294966518,1.031699015,1.116838882,1.036861617,1.217919122,0.944737977,1.274776785
7,HBSOCM,30201,3,2,1,1.4032286,1.332046771,1.230694339,1.533675825,1.079940684,0.989029053,1.098592434,1.294966518,1.031699015,1.116838882,1.036861617,1.217919122,0.944737977,1.274776785
7,HBSOCM,40201,4,2,1,1.4032286,1.332046771,1.230694339,1.533675825,1.079940684,0.989029053,1.098592434,1.294966518,1.031699015,1.116838882,1.036861617,1.217919122,0.944737977,1.274776785
7,HBSOCH,10301,1,3,1,1.242859617,1.031585094,0.990558858,0.912186275,0.849953316,0.919097706,0.85889954,1.183680333,0.751237147,1.096895331,0.917223738,0.968345531,0.805513433,0.833121836
7,HBSOCH,20301,2,3,1,1.242859617,1.031585094,0.990558858,0.912186275,0.849953316,0.919097706,0.85889954,1.183680333,0.751237147,1.096895331,0.917223738,0.968345531,0.805513433,0.833121836
7,HBSOCH,30301,3,3,1,1.242859617,1.031585094,0.990558858,0.912186275,0.849953316,0.919097706,0.85889954,1.183680333,0.751237147,1.096895331,0.917223738,0.968345531,0.805513433,0.833121836
7,HBSOCH,40301,4,3,1,1.242859617,1.031585094,0.990558858,0.912186275,0.849953316,0.919097706,0.85889954,1.183680333,0.751237147,1.096895331,0.917223738,0.968345531,0.805513433,0.833121836
7,HBSOCL,10102,1,1,2,1.242859617,1.08166204,0.880496763,0.831994075,0.749958809,0.869146743,0.938797171,1.193797259,0.841385605,1.086923555,0.947133208,1.088140855,0.865181095,1.023836473
7,HBSOCL,20102,2,1,2,1.242859617,1.08166204,0.880496763,0.831994075,0.749958809,0.869146743,0.938797171,1.193797259,0.841385605,1.086923555,0.947133208,1.088140855,0.865181095,1.023836473
7,HBSOCL,30102,3,1,2,1.242859617,1.08166204,0.880496763,0.831994075,0.749958809,0.869146743,0.938797171,1.193797259,0.841385605,1.086923555,0.947133208,1.088140855,0.865181095,1.023836473
7,HBSOCL,40102,4,1,2,1.242859617,1.08166204,0.880496763,0.831994075,0.749958809,0.869146743,0.938797171,1.193797259,0.841385605,1.086923555,0.947133208,1.088140855,0.865181095,1.023836473
7,HBSOCM,10202,1,2,2,1.4032286,1.332046771,1.230694339,1.533675825,1.079940684,0.989029053,1.098592434,1.294966518,1.031699015,1.116838882,1.036861617,1.217919122,0.944737977,1.274776785
7,HBSOCM,20202,2,2,2,1.4032286,1.332046771,1.230694339,1.533675825,1.079940684,0.989029053,1.098592434,1.294966518,1.031699015,1.116838882,1.036861617,1.217919122,0.944737977,1.274776785
7,HBSOCM,30202,3,2,2,1.4032286,1.332046771,1.230694339,1.533675825,1.079940684,0.989029053,1.098592434,1.294966518,1.031699015,1.116838882,1.036861617,1.217919122,0.944737977,1.274776785
7,HBSOCM,40202,4,2,2,1.4032286,1.332046771,1.230694339,1.533675825,1.079940684,0.989029053,1.098592434,1.294966518,1.031699015,1.116838882,1.036861617,1.217919122,0.944737977,1.274776785
7,HBSOCH,10302,1,3,2,1.242859617,1.031585094,0.990558858,0.912186275,0.849953316,0.919097706,0.85889954,1.183680333,0.751237147,1.096895331,0.917223738,0.968345531,0.805513433,0.833121836
7,HBSOCH,20302,2,3,2,1.242859617,1.031585094,0.990558858,0.912186275,0.849953316,0.919097706,0.85889954,1.183680333,0.751237147,1.096895331,0.917223738,0.968345531,0.805513433,0.833121836
7,HBSOCH,30302,3,3,2,1.242859617,1.031585094,0.990558858,0.912186275,0.849953316,0.919097706,0.85889954,1.183680333,0.751237147,1.096895331,0.917223738,0.968345531,0.805513433,0.833121836
7,HBSOCH,40302,4,3,2,1.242859617,1.031585094,0.990558858,0.912186275,0.849953316,0.919097706,0.85889954,1.183680333,0.751237147,1.096895331,0.917223738,0.968345531,0.805513433,0.833121836
7,HBSOCL,10103,1,1,3,1.242859617,1.08166204,0.880496763,0.831994075,0.749958809,0.869146743,0.938797171,1.193797259,0.841385605,1.086923555,0.947133208,1.088140855,0.865181095,1.023836473
7,HBSOCL,20103,2,1,3,1.242859617,1.08166204,0.880496763,0.831994075,0.749958809,0.869146743,0.938797171,1.193797259,0.841385605,1.086923555,0.947133208,1.088140855,0.865181095,1.023836473
7,HBSOCL,30103,3,1,3,1.242859617,1.08166204,0.880496763,0.831994075,0.749958809,0.869146743,0.938797171,1.193797259,0.841385605,1.086923555,0.947133208,1.088140855,0.865181095,1.023836473
7,HBSOCL,40103,4,1,3,1.242859617,1.08166204,0.880496763,0.831994075,0.749958809,0.869146743,0.938797171,1.193797259,0.841385605,1.086923555,0.947133208,1.088140855,0.865181095,1.023836473
7,HBSOCM,10203,1,2,3,1.4032286,1.332046771,1.230694339,1.533675825,1.079940684,0.989029053,1.098592434,1.294966518,1.031699015,1.116838882,1.036861617,1.217919122,0.944737977,1.274776785
7,HBSOCM,20203,2,2,3,1.4032286,1.332046771,1.230694339,1.533675825,1.079940684,0.989029053,1.098592434,1.294966518,1.031699015,1.116838882,1.036861617,1.217919122,0.944737977,1.274776785
7,HBSOCM,30203,3,2,3,1.4032286,1.332046771,1.230694339,1.533675825,1.079940684,0.989029053,1.098592434,1.294966518,1.031699015,1.116838882,1.036861617,1.217919122,0.944737977,1.274776785
7,HBSOCM,40203,4,2,3,1.4032286,1.332046771,1.230694339,1.533675825,1.079940684,0.989029053,1.098592434,1.294966518,1.031699015,1.116838882,1.036861617,1.217919122,0.944737977,1.274776785
7,HBSOCH,10303,1,3,3,1.242859617,1.031585094,0.990558858,0.912186275,0.849953316,0.919097706,0.85889954,1.183680333,0.751237147,1.096895331,0.917223738,0.968345531,0.805513433,0.833121836
7,HBSOCH,20303,2,3,3,1.242859617,1.031585094,0.990558858,0.912186275,0.849953316,0.919097706,0.85889954,1.183680333,0.751237147,1.096895331,0.917223738,0.968345531,0.805513433,0.833121836
7,HBSOCH,30303,3,3,3,1.242859617,1.031585094,0.990558858,0.912186275,0.849953316,0.919097706,0.85889954,1.183680333,0.751237147,1.096895331,0.917223738,0.968345531,0.805513433,0.833121836
7,HBSOCH,40303,4,3,3,1.242859617,1.031585094,0.990558858,0.912186275,0.849953316,0.919097706,0.85889954,1.183680333,0.751237147,1.096895331,0.917223738,0.968345531,0.805513433,0.833121836
8,HBESCORTL,10100,1,1,0,0.88836147,1.135065339,0.688199292,1.003935873,0.959902161,1.088838434,0.939078233,0.872056125,0.965525437,1.030574168,1.195260921,1.13394018,1.068335682,1.158763561
8,HBESCORTL,20100,2,1,0,0.88836147,1.135065339,0.688199292,1.003935873,0.959902161,1.088838434,0.939078233,0.872056125,0.965525437,1.030574168,1.195260921,1.13394018,1.068335682,1.158763561
8,HBESCORTL,30100,3,1,0,0.88836147,1.135065339,0.688199292,1.003935873,0.959902161,1.088838434,0.939078233,0.872056125,0.965525437,1.030574168,1.195260921,1.13394018,1.068335682,1.158763561
8,HBESCORTL,40100,4,1,0,0.88836147,1.135065339,0.688199292,1.003935873,0.959902161,1.088838434,0.939078233,0.872056125,0.965525437,1.030574168,1.195260921,1.13394018,1.068335682,1.158763561
8,HBESCORTM,10200,1,2,0,0.88836147,1.135065339,0.688199292,1.003935873,0.959902161,1.088838434,0.939078233,0.872056125,0.965525437,1.030574168,1.195260921,1.13394018,1.068335682,1.158763561
8,HBESCORTM,20200,2,2,0,0.88836147,1.135065339,0.688199292,1.003935873,0.959902161,1.088838434,0.939078233,0.872056125,0.965525437,1.030574168,1.195260921,1.13394018,1.068335682,1.158763561
8,HBESCORTM,30200,3,2,0,0.88836147,1.135065339,0.688199292,1.003935873,0.959902161,1.088838434,0.939078233,0.872056125,0.965525437,1.030574168,1.195260921,1.13394018,1.068335682,1.158763561
8,HBESCORTM,40200,4,2,0,0.88836147,1.135065339,0.688199292,1.003935873,0.959902161,1.088838434,0.939078233,0.872056125,0.965525437,1.030574168,1.195260921,1.13394018,1.068335682,1.158763561
8,HBESCORTH,10300,1,3,0,0.88836147,1.135065339,0.688199292,1.003935873,0.959902161,1.088838434,0.939078233,0.872056125,0.965525437,1.030574168,1.195260921,1.13394018,1.068335682,1.158763561
8,HBESCORTH,20300,2,3,0,0.88836147,1.135065339,0.688199292,1.003935873,0.959902161,1.088838434,0.939078233,0.872056125,0.965525437,1.030574168,1.195260921,1.13394018,1.068335682,1.158763561
8,HBESCORTH,30300,3,3,0,0.88836147,1.135065339,0.688199292,1.003935873,0.959902161,1.088838434,0.939078233,0.872056125,0.965525437,1.030574168,1.195260921,1.13394018,1.068335682,1.158763561
8,HBESCORTH,40300,4,3,0,0.88836147,1.135065339,0.688199292,1.003935873,0.959902161,1.088838434,0.939078233,0.872056125,0.965525437,1.030574168,1.195260921,1.13394018,1.068335682,1.158763561
8,HBESCORTL,10101,1,1,1,0.88836147,1.135065339,0.688199292,1.003935873,0.959902161,1.088838434,0.939078233,0.872056125,0.965525437,1.030574168,1.195260921,1.13394018,1.068335682,1.158763561
8,HBESCORTL,20101,2,1,1,0.88836147,1.135065339,0.688199292,1.003935873,0.959902161,1.088838434,0.939078233,0.872056125,0.965525437,1.030574168,1.195260921,1.13394018,1.068335682,1.158763561
8,HBESCORTL,30101,3,1,1,0.88836147,1.135065339,0.688199292,1.003935873,0.959902161,1.088838434,0.939078233,0.872056125,0.965525437,1.030574168,1.195260921,1.13394018,1.068335682,1.158763561
8,HBESCORTL,40101,4,1,1,0.88836147,1.135065339,0.688199292,1.003935873,0.959902161,1.088838434,0.939078233,0.872056125,0.965525437,1.030574168,1.195260921,1.13394018,1.068335682,1.158763561
8,HBESCORTM,10201,1,2,1,0.88836147,1.135065339,0.688199292,1.003935873,0.959902161,1.088838434,0.939078233,0.872056125,0.965525437,1.030574168,1.195260921,1.13394018,1.068335682,1.158763561
8,HBESCORTM,20201,2,2,1,0.88836147,1.135065339,0.688199292,1.003935873,0.959902161,1.088838434,0.939078233,0.872056125,0.965525437,1.030574168,1.195260921,1.13394018,1.068335682,1.158763561
8,HBESCORTM,30201,3,2,1,0.88836147,1.135065339,0.688199292,1.003935873,0.959902161,1.088838434,0.939078233,0.872056125,0.965525437,1.030574168,1.195260921,1.13394018,1.068335682,1.158763561
8,HBESCORTM,40201,4,2,1,0.88836147,1.135065339,0.688199292,1.003935873,0.959902161,1.088838434,0.939078233,0.872056125,0.965525437,1.030574168,1.195260921,1.13394018,1.068335682,1.158763561
8,HBESCORTH,10301,1,3,1,0.88836147,1.135065339,0.688199292,1.003935873,0.959902161,1.088838434,0.939078233,0.872056125,0.965525437,1.030574168,1.195260921,1.13394018,1.068335682,1.158763561
8,HBESCORTH,20301,2,3,1,0.88836147,1.135065339,0.688199292,1.003935873,0.959902161,1.088838434,0.939078233,0.872056125,0.965525437,1.030574168,1.195260921,1.13394018,1.068335682,1.158763561
8,HBESCORTH,30301,3,3,1,0.88836147,1.135065339,0.688199292,1.003935873,0.959902161,1.088838434,0.939078233,0.872056125,0.965525437,1.030574168,1.195260921,1.13394018,1.068335682,1.158763561
8,HBESCORTH,40301,4,3,1,0.88836147,1.135065339,0.688199292,1.003935873,0.959902161,1.088838434,0.939078233,0.872056125,0.965525437,1.030574168,1.195260921,1.13394018,1.068335682,1.158763561
8,HBESCORTL,10102,1,1,2,0.88836147,1.135065339,0.688199292,1.003935873,0.959902161,1.088838434,0.939078233,0.872056125,0.965525437,1.030574168,1.195260921,1.13394018,1.068335682,1.158763561
8,HBESCORTL,20102,2,1,2,0.88836147,1.135065339,0.688199292,1.003935873,0.959902161,1.088838434,0.939078233,0.872056125,0.965525437,1.030574168,1.195260921,1.13394018,1.068335682,1.158763561
8,HBESCORTL,30102,3,1,2,0.88836147,1.135065339,0.688199292,1.003935873,0.959902161,1.088838434,0.939078233,0.872056125,0.965525437,1.030574168,1.195260921,1.13394018,1.068335682,1.158763561
8,HBESCORTL,40102,4,1,2,0.88836147,1.135065339,0.688199292,1.003935873,0.959902161,1.088838434,0.939078233,0.872056125,0.965525437,1.030574168,1.195260921,1.13394018,1.068335682,1.158763561
8,HBESCORTM,10202,1,2,2,0.88836147,1.135065339,0.688199292,1.003935873,0.959902161,1.088838434,0.939078233,0.872056125,0.965525437,1.030574168,1.195260921,1.13394018,1.068335682,1.158763561
8,HBESCORTM,20202,2,2,2,0.88836147,1.135065339,0.688199292,1.003935873,0.959902161,1.088838434,0.939078233,0.872056125,0.965525437,1.030574168,1.195260921,1.13394018,1.068335682,1.158763561
8,HBESCORTM,30202,3,2,2,0.88836147,1.135065339,0.688199292,1.003935873,0.959902161,1.088838434,0.939078233,0.872056125,0.965525437,1.030574168,1.195260921,1.13394018,1.068335682,1.158763561
8,HBESCORTM,40202,4,2,2,0.88836147,1.135065339,0.688199292,1.003935873,0.959902161,1.088838434,0.939078233,0.872056125,0.965525437,1.030574168,1.195260921,1.13394018,1.068335682,1.158763561
8,HBESCORTH,10302,1,3,2,0.88836147,1.135065339,0.688199292,1.003935873,0.959902161,1.088838434,0.939078233,0.872056125,0.965525437,1.030574168,1.195260921,1.13394018,1.068335682,1.158763561
8,HBESCORTH,20302,2,3,2,0.88836147,1.135065339,0.688199292,1.003935873,0.959902161,1.088838434,0.939078233,0.872056125,0.965525437,1.030574168,1.195260921,1.13394018,1.068335682,1.158763561
8,HBESCORTH,30302,3,3,2,0.88836147,1.135065339,0.688199292,1.003935873,0.959902161,1.088838434,0.939078233,0.872056125,0.965525437,1.030574168,1.195260921,1.13394018,1.068335682,1.158763561
8,HBESCORTH,40302,4,3,2,0.88836147,1.135065339,0.688199292,1.003935873,0.959902161,1.088838434,0.939078233,0.872056125,0.965525437,1.030574168,1.195260921,1.13394018,1.068335682,1.158763561
8,HBESCORTL,10103,1,1,3,0.88836147,1.135065339,0.688199292,1.003935873,0.959902161,1.088838434,0.939078233,0.872056125,0.965525437,1.030574168,1.195260921,1.13394018,1.068335682,1.158763561
8,HBESCORTL,20103,2,1,3,0.88836147,1.135065339,0.688199292,1.003935873,0.959902161,1.088838434,0.939078233,0.872056125,0.965525437,1.030574168,1.195260921,1.13394018,1.068335682,1.158763561
8,HBESCORTL,30103,3,1,3,0.88836147,1.135065339,0.688199292,1.003935873,0.959902161,1.088838434,0.939078233,0.872056125,0.965525437,1.030574168,1.195260921,1.13394018,1.068335682,1.158763561
8,HBESCORTL,40103,4,1,3,0.88836147,1.135065339,0.688199292,1.003935873,0.959902161,1.088838434,0.939078233,0.872056125,0.965525437,1.030574168,1.195260921,1.13394018,1.068335682,1.158763561
8,HBESCORTM,10203,1,2,3,0.88836147,1.135065339,0.688199292,1.003935873,0.959902161,1.088838434,0.939078233,0.872056125,0.965525437,1.030574168,1.195260921,1.13394018,1.068335682,1.158763561
8,HBESCORTM,20203,2,2,3,0.88836147,1.135065339,0.688199292,1.003935873,0.959902161,1.088838434,0.939078233,0.872056125,0.965525437,1.030574168,1.195260921,1.13394018,1.068335682,1.158763561
8,HBESCORTM,30203,3,2,3,0.88836147,1.135065339,0.688199292,1.003935873,0.959902161,1.088838434,0.939078233,0.872056125,0.965525437,1.030574168,1.195260921,1.13394018,1.068335682,1.158763561
8,HBESCORTM,40203,4,2,3,0.88836147,1.135065339,0.688199292,1.003935873,0.959902161,1.088838434,0.939078233,0.872056125,0.965525437,1.030574168,1.195260921,1.13394018,1.068335682,1.158763561
8,HBESCORTH,10303,1,3,3,0.88836147,1.135065339,0.688199292,1.003935873,0.959902161,1.088838434,0.939078233,0.872056125,0.965525437,1.030574168,1.195260921,1.13394018,1.068335682,1.158763561
8,HBESCORTH,20303,2,3,3,0.88836147,1.135065339,0.688199292,1.003935873,0.959902161,1.088838434,0.939078233,0.872056125,0.965525437,1.030574168,1.195260921,1.13394018,1.068335682,1.158763561
8,HBESCORTH,30303,3,3,3,0.88836147,1.135065339,0.688199292,1.003935873,0.959902161,1.088838434,0.939078233,0.872056125,0.965525437,1.030574168,1.195260921,1.13394018,1.068335682,1.158763561
8,HBESCORTH,40303,4,3,3,0.88836147,1.135065339,0.688199292,1.003935873,0.959902161,1.088838434,0.939078233,0.872056125,0.965525437,1.030574168,1.195260921,1.13394018,1.068335682,1.158763561
9,NHBOL,10100,1,1,0,1.153947658,0.971957207,1.299477931,0.979862194,0.962668378,0.912250413,1.105959103,1.047596052,0.762038867,1.162862803,1.00488743,1.434598563,0.759567132,1.326805258
9,NHBOL,20100,2,1,0,1.153947658,0.971957207,1.299477931,0.979862194,0.962668378,0.912250413,1.105959103,1.047596052,0.762038867,1.162862803,1.00488743,1.434598563,0.759567132,1.326805258
9,NHBOL,30100,3,1,0,1.153947658,0.971957207,1.299477931,0.979862194,0.962668378,0.912250413,1.105959103,1.047596052,0.762038867,1.162862803,1.00488743,1.434598563,0.759567132,1.326805258
9,NHBOL,40100,4,1,0,1.153947658,0.971957207,1.299477931,0.979862194,0.962668378,0.912250413,1.105959103,1.047596052,0.762038867,1.162862803,1.00488743,1.434598563,0.759567132,1.326805258
9,NHBOM,10200,1,2,0,1.153947658,0.971957207,1.299477931,0.979862194,0.962668378,0.912250413,1.105959103,1.047596052,0.762038867,1.162862803,1.00488743,1.434598563,0.759567132,1.326805258
9,NHBOM,20200,2,2,0,1.153947658,0.971957207,1.299477931,0.979862194,0.962668378,0.912250413,1.105959103,1.047596052,0.762038867,1.162862803,1.00488743,1.434598563,0.759567132,1.326805258
9,NHBOM,30200,3,2,0,1.153947658,0.971957207,1.299477931,0.979862194,0.962668378,0.912250413,1.105959103,1.047596052,0.762038867,1.162862803,1.00488743,1.434598563,0.759567132,1.326805258
9,NHBOM,40200,4,2,0,1.153947658,0.971957207,1.299477931,0.979862194,0.962668378,0.912250413,1.105959103,1.047596052,0.762038867,1.162862803,1.00488743,1.434598563,0.759567132,1.326805258
9,NHBOH,10300,1,3,0,1.153947658,0.971957207,1.299477931,0.979862194,0.962668378,0.912250413,1.105959103,1.047596052,0.762038867,1.162862803,1.00488743,1.434598563,0.759567132,1.326805258
9,NHBOH,20300,2,3,0,1.153947658,0.971957207,1.299477931,0.979862194,0.962668378,0.912250413,1.105959103,1.047596052,0.762038867,1.162862803,1.00488743,1.434598563,0.759567132,1.326805258
9,NHBOH,30300,3,3,0,1.153947658,0.971957207,1.299477931,0.979862194,0.962668378,0.912250413,1.105959103,1.047596052,0.762038867,1.162862803,1.00488743,1.434598563,0.759567132,1.326805258
9,NHBOH,40300,4,3,0,1.153947658,0.971957207,1.299477931,0.979862194,0.962668378,0.912250413,1.105959103,1.047596052,0.762038867,1.162862803,1.00488743,1.434598563,0.759567132,1.326805258
9,NHBOL,10101,1,1,1,1.153947658,0.971957207,1.299477931,0.979862194,0.962668378,0.912250413,1.105959103,1.047596052,0.762038867,1.162862803,1.00488743,1.434598563,0.759567132,1.326805258
9,NHBOL,20101,2,1,1,1.153947658,0.971957207,1.299477931,0.979862194,0.962668378,0.912250413,1.105959103,1.047596052,0.762038867,1.162862803,1.00488743,1.434598563,0.759567132,1.326805258
9,NHBOL,30101,3,1,1,1.153947658,0.971957207,1.299477931,0.979862194,0.962668378,0.912250413,1.105959103,1.047596052,0.762038867,1.162862803,1.00488743,1.434598563,0.759567132,1.326805258
9,NHBOL,40101,4,1,1,1.153947658,0.971957207,1.299477931,0.979862194,0.962668378,0.912250413,1.105959103,1.047596052,0.762038867,1.162862803,1.00488743,1.434598563,0.759567132,1.326805258
9,NHBOM,10201,1,2,1,1.153947658,0.971957207,1.299477931,0.979862194,0.962668378,0.912250413,1.105959103,1.047596052,0.762038867,1.162862803,1.00488743,1.434598563,0.759567132,1.326805258
9,NHBOM,20201,2,2,1,1.153947658,0.971957207,1.299477931,0.979862194,0.962668378,0.912250413,1.105959103,1.047596052,0.762038867,1.162862803,1.00488743,1.434598563,0.759567132,1.326805258
9,NHBOM,30201,3,2,1,1.153947658,0.971957207,1.299477931,0.979862194,0.962668378,0.912250413,1.105959103,1.047596052,0.762038867,1.162862803,1.00488743,1.434598563,0.759567132,1.326805258
9,NHBOM,40201,4,2,1,1.153947658,0.971957207,1.299477931,0.979862194,0.962668378,0.912250413,1.105959103,1.047596052,0.762038867,1.162862803,1.00488743,1.434598563,0.759567132,1.326805258
9,NHBOH,10301,1,3,1,1.153947658,0.971957207,1.299477931,0.979862194,0.962668378,0.912250413,1.105959103,1.047596052,0.762038867,1.162862803,1.00488743,1.434598563,0.759567132,1.326805258
9,NHBOH,20301,2,3,1,1.153947658,0.971957207,1.299477931,0.979862194,0.962668378,0.912250413,1.105959103,1.047596052,0.762038867,1.162862803,1.00488743,1.434598563,0.759567132,1.326805258
9,NHBOH,30301,3,3,1,1.153947658,0.971957207,1.299477931,0.979862194,0.962668378,0.912250413,1.105959103,1.047596052,0.762038867,1.162862803,1.00488743,1.434598563,0.759567132,1.326805258
9,NHBOH,40301,4,3,1,1.153947658,0.971957207,1.299477931,0.979862194,0.962668378,0.912250413,1.105959103,1.047596052,0.762038867,1.162862803,1.00488743,1.434598563,0.759567132,1.326805258
9,NHBOL,10102,1,1,2,1.153947658,0.971957207,1.299477931,0.979862194,0.962668378,0.912250413,1.105959103,1.047596052,0.762038867,1.162862803,1.00488743,1.434598563,0.759567132,1.326805258
9,NHBOL,20102,2,1,2,1.153947658,0.971957207,1.299477931,0.979862194,0.962668378,0.912250413,1.105959103,1.047596052,0.762038867,1.162862803,1.00488743,1.434598563,0.759567132,1.326805258
9,NHBOL,30102,3,1,2,1.153947658,0.971957207,1.299477931,0.979862194,0.962668378,0.912250413,1.105959103,1.047596052,0.762038867,1.162862803,1.00488743,1.434598563,0.759567132,1.326805258
9,NHBOL,40102,4,1,2,1.153947658,0.971957207,1.299477931,0.979862194,0.962668378,0.912250413,1.105959103,1.047596052,0.762038867,1.162862803,1.00488743,1.434598563,0.759567132,1.326805258
9,NHBOM,10202,1,2,2,1.153947658,0.971957207,1.299477931,0.979862194,0.962668378,0.912250413,1.105959103,1.047596052,0.762038867,1.162862803,1.00488743,1.434598563,0.759567132,1.326805258
9,NHBOM,20202,2,2,2,1.153947658,0.971957207,1.299477931,0.979862194,0.962668378,0.912250413,1.105959103,1.047596052,0.762038867,1.162862803,1.00488743,1.434598563,0.759567132,1.326805258
9,NHBOM,30202,3,2,2,1.153947658,0.971957207,1.299477931,0.979862194,0.962668378,0.912250413,1.105959103,1.047596052,0.762038867,1.162862803,1.00488743,1.434598563,0.759567132,1.326805258
9,NHBOM,40202,4,2,2,1.153947658,0.971957207,1.299477931,0.979862194,0.962668378,0.912250413,1.105959103,1.047596052,0.762038867,1.162862803,1.00488743,1.434598563,0.759567132,1.326805258
9,NHBOH,10302,1,3,2,1.153947658,0.971957207,1.299477931,0.979862194,0.962668378,0.912250413,1.105959103,1.047596052,0.762038867,1.162862803,1.00488743,1.434598563,0.759567132,1.326805258
9,NHBOH,20302,2,3,2,1.153947658,0.971957207,1.299477931,0.979862194,0.962668378,0.912250413,1.105959103,1.047596052,0.762038867,1.162862803,1.00488743,1.434598563,0.759567132,1.326805258
9,NHBOH,30302,3,3,2,1.153947658,0.971957207,1.299477931,0.979862194,0.962668378,0.912250413,1.105959103,1.047596052,0.762038867,1.162862803,1.00488743,1.434598563,0.759567132,1.326805258
9,NHBOH,40302,4,3,2,1.153947658,0.971957207,1.299477931,0.979862194,0.962668378,0.912250413,1.105959103,1.047596052,0.762038867,1.162862803,1.00488743,1.434598563,0.759567132,1.326805258
9,NHBOL,10103,1,1,3,1.153947658,0.971957207,1.299477931,0.979862194,0.962668378,0.912250413,1.105959103,1.047596052,0.762038867,1.162862803,1.00488743,1.434598563,0.759567132,1.326805258
9,NHBOL,20103,2,1,3,1.153947658,0.971957207,1.299477931,0.979862194,0.962668378,0.912250413,1.105959103,1.047596052,0.762038867,1.162862803,1.00488743,1.434598563,0.759567132,1.326805258
9,NHBOL,30103,3,1,3,1.153947658,0.971957207,1.299477931,0.979862194,0.962668378,0.912250413,1.105959103,1.047596052,0.762038867,1.162862803,1.00488743,1.434598563,0.759567132,1.326805258
9,NHBOL,40103,4,1,3,1.153947658,0.971957207,1.299477931,0.979862194,0.962668378,0.912250413,1.105959103,1.047596052,0.762038867,1.162862803,1.00488743,1.434598563,0.759567132,1.326805258
9,NHBOM,10203,1,2,3,1.153947658,0.971957207,1.299477931,0.979862194,0.962668378,0.912250413,1.105959103,1.047596052,0.762038867,1.162862803,1.00488743,1.434598563,0.759567132,1.326805258
9,NHBOM,20203,2,2,3,1.153947658,0.971957207,1.299477931,0.979862194,0.962668378,0.912250413,1.105959103,1.047596052,0.762038867,1.162862803,1.00488743,1.434598563,0.759567132,1.326805258
9,NHBOM,30203,3,2,3,1.153947658,0.971957207,1.299477931,0.979862194,0.962668378,0.912250413,1.105959103,1.047596052,0.762038867,1.162862803,1.00488743,1.434598563,0.759567132,1.326805258
9,NHBOM,40203,4,2,3,1.153947658,0.971957207,1.299477931,0.979862194,0.962668378,0.912250413,1.105959103,1.047596052,0.762038867,1.162862803,1.00488743,1.434598563,0.759567132,1.326805258
9,NHBOH,10303,1,3,3,1.153947658,0.971957207,1.299477931,0.979862194,0.962668378,0.912250413,1.105959103,1.047596052,0.762038867,1.162862803,1.00488743,1.434598563,0.759567132,1.326805258
9,NHBOH,20303,2,3,3,1.153947658,0.971957207,1.299477931,0.979862194,0.962668378,0.912250413,1.105959103,1.047596052,0.762038867,1.162862803,1.00488743,1.434598563,0.759567132,1.326805258
9,NHBOH,30303,3,3,3,1.153947658,0.971957207,1.299477931,0.979862194,0.962668378,0.912250413,1.105959103,1.047596052,0.762038867,1.162862803,1.00488743,1.434598563,0.759567132,1.326805258
9,NHBOH,40303,4,3,3,1.153947658,0.971957207,1.299477931,0.979862194,0.962668378,0.912250413,1.105959103,1.047596052,0.762038867,1.162862803,1.00488743,1.434598563,0.759567132,1.326805258
