mat_id, mo393, mo394, mo27, mo28, mo13
mat_name, 250C30, 500C30, WrPr30, OtPk30, BkSc30
mat_desc, 2030_250m_car_share, 2030_500m_car_share, 2030_work_parking, 2030_nonwork_parking, 2030_bike_score
11010, 0, 0, 0, 0, 1
11020, 0, 0, 0, 0, 1
11030, 0, 0, 0, 0.2, 4
11040, 0, 0, 0.3, 0.2, 3
11050, 0, 0, 0.3, 0.2, 3
11060, 0, 0, 0.3, 0.2, 4
11070, 0, 0, 0.3, 0.2, 3
11080, 0, 0, 0.3, 0.2, 3
11090, 0, 0, 0.3, 0.2, 3
11100, 0, 0, 0.3, 0.2, 4
11110, 0, 0, 0, 0.2, 4
11120, 0, 0, 0, 0.2, 4
11130, 0, 0, 0.3, 0.2, 3
11140, 0, 0, 0.3, 0.2, 3
11150, 0, 0, 0.3, 0.2, 3
11160, 0, 0, 0.3, 0.2, 3
11170, 0, 0, 0, 0.2, 4
11180, 0, 0, 0.3, 0.2, 3
11190, 0, 0, 0.35, 0.2, 3
11200, 0, 0, 0.3, 0.2, 3
11210, 0, 0, 0.3, 0.2, 3
11220, 0, 0, 0.3, 0.2, 3
11230, 0, 0, 0.3, 0.2, 3
11240, 0, 0, 0.3, 0.2, 3
11250, 0, 0, 0.35, 0.2, 3
11260, 1, 1, 0.35, 0.2, 3
11270, 1, 1, 0.35, 0.2, 3
11280, 0, 0, 0.3, 0.2, 3
12010, 0, 0, 0, 0, 2
12020, 0, 0, 0, 0.2, 2
12030, 0, 0, 0.25, 0.2, 2
12040, 0, 0, 0.25, 0.2, 2
12050, 0, 0, 0.35, 0.25, 3
12060, 0, 1, 0.25, 0.2, 2
12070, 0, 0, 0.35, 0.25, 3
12080, 0, 0, 0.25, 0.2, 2
12090, 0, 0, 0.25, 0.2, 2
12100, 0, 0, 0.25, 0.2, 2
12110, 1, 1, 0.25, 0.2, 2
12120, 0, 1, 0.25, 0.2, 2
12130, 0, 0, 0.35, 0.25, 3
12140, 0, 0, 0.35, 0.25, 3
12150, 0, 0, 0.35, 0.25, 3
12160, 0, 0, 0.35, 0.25, 3
12170, 0, 0, 0.35, 0.25, 3
12180, 1, 2, 0.25, 0.2, 3
12190, 0, 0, 0.35, 0.25, 3
12200, 0, 1, 0.25, 0.2, 3
12210, 0, 0, 0.35, 0.25, 3
12220, 1, 2, 0.25, 0.2, 3
12230, 1, 1, 0.25, 0.2, 3
12240, 1, 1, 0.25, 0.2, 3
12250, 0, 0, 0.25, 0.2, 3
12260, 0, 0, 0.25, 0.2, 3
12270, 0, 0, 0.25, 0.2, 2
12280, 0, 0, 0.25, 0.2, 2
12290, 0, 0, 0.55, 0.3, 3
12300, 0, 0, 0.55, 0.3, 3
12310, 0, 0, 0.25, 0.2, 3
12320, 0, 1, 0.25, 0, 3
12330, 0, 0, 0.25, 0.2, 3
12340, 0, 0, 0.3, 0.2, 3
12350, 0, 0, 0.3, 0.2, 3
12360, 0, 0, 0.3, 0.2, 3
12370, 0, 0, 0, 0.2, 2
12380, 0, 0, 0.25, 0.2, 1
12390, 0, 0, 0.25, 0.2, 2
12400, 0, 0, 0, 0.2, 2
12410, 0, 0, 0.3, 0.2, 3
12420, 0, 0, 0, 0.2, 2
13010, 1, 2, 0.35, 0.25, 3
13020, 0, 2, 0.35, 0.25, 3
13030, 0, 2, 0.35, 0.25, 3
13040, 0, 1, 0.35, 0.25, 3
13050, 0, 2, 0.35, 0.25, 3
13060, 1, 2, 0.35, 0.25, 3
13070, 1, 2, 0.35, 0.25, 3
13080, 1, 2, 0.35, 0.25, 3
13090, 0, 1, 0.35, 0.25, 3
13100, 0, 2, 0.4, 0.25, 3
13110, 0, 1, 0.35, 0.25, 3
13120, 1, 2, 0.35, 0.25, 3
13130, 1, 2, 0.4, 0.25, 3
13140, 1, 2, 0.45, 0.3, 4
13150, 0, 1, 0.35, 0.25, 3
13160, 0, 1, 0.4, 0.25, 3
13170, 0, 2, 0.4, 0.25, 3
13180, 2, 3, 0.4, 0.25, 3
13190, 1, 2, 0.45, 0.3, 4
13200, 0, 2, 0.35, 0.25, 3
13210, 2, 3, 0.45, 0.3, 4
13220, 2, 3, 0.45, 0.3, 4
13230, 2, 3, 0.45, 0.3, 4
13240, 2, 3, 0.45, 0.3, 4
13250, 1, 2, 0.35, 0.25, 3
13260, 1, 3, 0.35, 0.25, 3
13270, 0, 0, 0.25, 0.2, 4
13280, 0, 3, 0.35, 0.25, 3
13290, 1, 2, 0.35, 0.25, 3
13300, 1, 3, 0.35, 0.25, 3
13310, 0, 0, 0.25, 0.2, 4
13320, 0, 1, 0.25, 0.2, 4
13330, 0, 0, 0.25, 0.2, 4
14010, 0, 0, 0.3, 0, 1
14020, 0, 0, 0.3, 0.2, 2
14030, 0, 0, 0.3, 0, 1
14040, 0, 0, 0, 0, 1
21010, 0, 1, 0.4, 0.35, 2
21020, 2, 2, 1.5, 0.45, 3
21030, 2, 2, 0.4, 0.35, 2
21040, 2, 1, 1.5, 0.45, 3
21050, 2, 2, 0.4, 0.35, 2
21060, 1, 2, 1.1, 0.6, 3
21070, 2, 2, 1.1, 0.6, 3
21080, 2, 2, 0.4, 0.35, 2
21090, 2, 2, 1.1, 0.6, 3
21100, 2, 2, 0.4, 0.35, 2
21110, 1, 2, 1.1, 0.6, 3
21120, 1, 2, 1.1, 0.6, 3
21130, 1, 1, 1.1, 0.6, 3
21140, 0, 2, 1.1, 0.6, 3
21150, 1, 1, 0.4, 0.35, 2
21160, 0, 0, 0.2, 0.35, 3
22010, 2, 2, 0.35, 0.25, 4
22020, 2, 3, 0.35, 0.25, 4
22030, 2, 3, 0.35, 0.25, 4
22040, 2, 3, 0.45, 0.25, 4
22050, 2, 3, 0.5, 0.25, 5
22060, 2, 3, 0.5, 0.25, 5
22070, 2, 3, 0.35, 0.3, 4
22080, 2, 3, 0.45, 0.25, 4
22090, 2, 3, 0.45, 0.25, 4
22100, 2, 3, 1.5, 0.75, 4
22110, 2, 3, 0.95, 0.4, 5
22120, 2, 3, 1.7, 0.8, 5
22130, 2, 3, 1.8, 1.05, 5
22140, 2, 3, 0.4, 0.35, 4
22150, 2, 3, 0.45, 0.25, 4
22160, 2, 3, 1.5, 0.75, 4
22170, 2, 3, 1.5, 0.75, 4
22180, 2, 3, 1.9, 1, 5
22190, 2, 3, 1.9, 1, 5
22200, 2, 3, 1.7, 0.8, 5
22210, 2, 3, 1.8, 1.05, 5
22220, 2, 3, 0.45, 0.25, 4
22230, 2, 3, 0.4, 0.35, 4
22240, 2, 3, 1.3, 0.3, 4
22250, 2, 3, 0.35, 0.25, 4
22260, 2, 3, 0.35, 0.25, 4
22270, 2, 3, 1.5, 0.75, 4
22280, 2, 3, 1.5, 0.75, 4
22290, 2, 3, 1.5, 0.75, 4
22300, 2, 3, 1.55, 0.6, 5
22310, 2, 3, 1.55, 0.6, 5
22320, 2, 3, 1.55, 0.6, 5
22330, 2, 3, 1.2, 1.15, 5
22340, 2, 3, 1.2, 1.15, 5
22350, 2, 3, 1.25, 0.5, 5
22360, 2, 3, 0.45, 0.25, 4
22370, 2, 3, 1.3, 0.3, 4
22380, 2, 3, 0.35, 0.25, 4
22390, 2, 3, 1.8, 0.55, 5
22400, 2, 3, 1.8, 0.55, 5
22410, 2, 3, 2.15, 1.1, 5
22420, 2, 3, 2.15, 1.1, 5
22430, 2, 3, 2.15, 1.1, 5
22440, 2, 3, 2.1, 0.75, 5
22450, 2, 3, 1.25, 0.5, 5
22460, 2, 3, 1.25, 0.5, 5
22470, 2, 3, 1.25, 0.5, 5
22480, 1, 3, 0.5, 0.25, 5
22490, 2, 3, 0.6, 0.25, 4
22500, 2, 3, 0.6, 0.25, 4
22510, 2, 3, 1.3, 0.3, 4
22520, 2, 3, 1, 0.7, 5
22530, 2, 3, 1.8, 0.55, 5
22540, 2, 3, 1.9, 0.5, 5
22550, 2, 3, 1.9, 0.5, 5
22560, 2, 3, 1.9, 0.5, 5
22570, 2, 3, 2.15, 1.1, 5
22580, 2, 3, 2.1, 0.75, 5
22590, 2, 3, 2.1, 0.75, 5
22600, 2, 3, 0.45, 0.3, 5
22610, 2, 3, 0.45, 0.3, 5
22620, 1, 3, 0.95, 0.6, 5
22630, 2, 3, 0.6, 0.25, 4
22640, 2, 3, 0.6, 0.25, 4
22650, 2, 3, 0.6, 0.25, 4
22660, 2, 3, 1, 0.7, 5
22670, 2, 3, 1, 0.7, 5
22680, 2, 3, 0.8, 0.4, 5
22690, 2, 3, 0.8, 0.4, 5
22700, 2, 3, 1.9, 0.5, 5
22710, 2, 3, 1.4, 0.6, 5
22720, 2, 3, 1.4, 0.6, 5
22730, 2, 3, 1.4, 0.6, 5
22740, 2, 3, 1.25, 0.6, 5
22750, 2, 3, 1.15, 0.35, 5
22760, 1, 3, 0.8, 0.4, 5
22770, 2, 3, 0.55, 0.4, 5
22780, 2, 3, 1, 0.7, 5
22790, 2, 3, 0.8, 0.4, 5
22800, 2, 3, 1.45, 0.65, 5
22810, 2, 3, 0.35, 0.45, 5
22820, 2, 3, 1.25, 0.6, 5
22830, 2, 3, 1.25, 0.6, 5
22840, 2, 3, 0.8, 0.4, 5
22850, 1, 2, 0.55, 0.35, 5
22860, 2, 3, 0.55, 0.4, 5
22870, 2, 3, 0.8, 0.4, 5
22880, 2, 3, 1.45, 0.65, 5
22890, 2, 3, 0.35, 0.45, 5
22900, 0, 3, 1.25, 0.6, 5
22910, 2, 3, 0.35, 0.45, 5
23010, 2, 3, 0.5, 0.25, 4
23020, 0, 1, 0.2, 0.35, 3
23030, 2, 3, 0.2, 0.35, 3
23040, 2, 3, 0.4, 0.35, 4
23050, 1, 3, 0.4, 0.35, 4
23060, 2, 3, 0.4, 0.35, 4
23070, 2, 3, 0.4, 0.35, 4
23080, 2, 3, 0.5, 0.25, 4
23090, 1, 3, 0.45, 0.25, 5
23100, 1, 3, 0.45, 0.25, 5
23110, 1, 2, 0.55, 0.35, 5
23120, 1, 2, 0.55, 0.35, 5
23130, 1, 2, 0.2, 0.35, 3
23140, 2, 3, 0.2, 0.35, 3
23150, 2, 3, 0.4, 0.35, 4
23160, 2, 3, 0.4, 0.35, 4
23170, 2, 3, 0.4, 0.35, 4
23180, 2, 3, 0.4, 0.35, 4
23190, 2, 3, 0.5, 0.25, 4
23200, 2, 3, 0.55, 0.3, 5
23210, 1, 3, 0.55, 0.3, 5
23220, 2, 3, 0.45, 0.25, 5
23230, 2, 3, 0.3, 0.25, 5
23240, 2, 3, 0.3, 0.25, 5
23250, 2, 3, 0.55, 0.35, 5
23260, 2, 3, 0.5, 0.3, 5
23270, 2, 3, 0.5, 0.3, 5
23280, 2, 3, 0.45, 0.25, 5
23290, 2, 3, 0.45, 0.25, 5
23300, 2, 3, 0.5, 0.25, 5
23310, 2, 3, 0.5, 0.25, 5
23320, 2, 3, 0.5, 0.3, 5
23330, 2, 3, 0.5, 0.3, 5
23340, 1, 3, 0.4, 0.25, 4
23350, 2, 3, 0.3, 0.35, 4
23360, 1, 3, 0.3, 0.35, 4
23370, 2, 3, 0.45, 0.25, 4
23380, 2, 3, 0.45, 0.25, 4
23390, 2, 3, 0.45, 0.25, 4
23400, 2, 3, 0.55, 0.3, 4
23410, 2, 3, 0.55, 0.3, 4
23420, 2, 3, 0.5, 0.25, 4
23430, 2, 3, 0.5, 0.25, 4
23440, 1, 2, 0.4, 0.35, 3
23450, 1, 2, 0.4, 0.35, 3
23460, 1, 2, 0.4, 0.35, 3
23470, 2, 3, 0.4, 0.25, 4
23480, 1, 3, 0.3, 0.35, 4
23490, 1, 3, 0.3, 0.35, 4
23500, 2, 3, 0.45, 0.25, 4
23510, 2, 3, 0.45, 0.25, 4
23520, 1, 3, 0.45, 0.25, 4
23530, 2, 3, 0.45, 0.25, 4
23540, 2, 3, 0.45, 0.25, 4
23550, 2, 3, 0.5, 0.25, 4
23560, 2, 3, 0.5, 0.25, 4
23570, 0, 2, 0.4, 0.35, 3
23580, 1, 3, 0.45, 0.25, 4
23590, 1, 2, 0.3, 0.25, 4
23600, 1, 2, 0.3, 0.25, 4
23610, 1, 2, 0.3, 0.25, 3
23620, 1, 2, 0.3, 0.25, 3
23630, 0, 2, 0.4, 0.35, 3
23640, 1, 3, 0.4, 0.35, 3
23650, 1, 3, 0.4, 0.35, 3
23660, 0, 2, 0.3, 0.25, 3
23670, 0, 1, 0.4, 0.35, 3
23680, 1, 3, 0.45, 0.25, 4
23690, 1, 2, 0.3, 0.25, 4
23700, 1, 2, 0.3, 0.25, 4
23710, 1, 2, 0.3, 0.25, 3
23720, 0, 2, 0.4, 0.35, 3
23730, 0, 1, 0.3, 0.35, 3
23740, 0, 1, 0.4, 0.35, 3
23750, 0, 1, 0.4, 0.25, 3
23760, 0, 1, 0.4, 0.35, 3
23770, 1, 2, 0.4, 0.35, 3
23780, 2, 3, 0.45, 0.25, 4
23790, 1, 2, 0.4, 0.25, 4
23800, 1, 2, 0.45, 0.25, 4
23810, 1, 2, 0.4, 0.25, 4
24010, 0, 1, 0.4, 0.25, 3
24020, 0, 2, 0.4, 0.25, 3
24030, 0, 2, 0.45, 0.25, 4
24040, 0, 1, 0.4, 0.25, 3
24050, 0, 1, 0.3, 0.35, 3
24060, 0, 2, 0.3, 0.35, 3
24070, 0, 2, 0.4, 0.35, 3
24080, 0, 2, 0, 0.25, 3
24090, 0, 1, 0, 0.25, 3
24100, 0, 2, 0.35, 0.25, 3
24110, 0, 2, 0.35, 0.25, 3
24120, 0, 1, 0.35, 0.25, 3
24130, 1, 2, 0.45, 0.25, 4
24140, 0, 0, 0.2, 0.35, 3
24150, 0, 0, 0.2, 0.35, 3
24160, 0, 0, 0.2, 0.35, 3
24170, 0, 2, 0.2, 0.25, 3
24180, 1, 2, 0.2, 0.25, 3
24190, 1, 2, 0.2, 0.25, 3
24200, 0, 2, 0.2, 0.25, 3
24210, 0, 1, 0.35, 0.25, 4
24220, 0, 1, 0.35, 0.25, 4
24230, 1, 2, 0.45, 0.25, 4
24240, 0, 1, 0.35, 0.25, 4
24250, 1, 2, 0.45, 0.25, 4
24260, 1, 2, 0.4, 0.35, 4
24270, 1, 2, 0.4, 0.35, 4
24280, 0, 2, 0.4, 0.35, 4
24290, 0, 1, 0.4, 0.35, 3
24300, 0, 0, 0.2, 0.35, 3
24310, 0, 1, 0.4, 0.35, 3
24320, 0, 2, 0.45, 0.25, 4
24330, 1, 1, 0, 0.25, 3
24340, 0, 1, 0.4, 0.35, 4
24350, 0, 2, 0.4, 0.35, 4
24360, 0, 2, 0.4, 0.25, 3
24370, 0, 2, 0.4, 0.25, 3
24380, 1, 2, 0.2, 0.25, 4
24390, 0, 1, 0.2, 0.25, 4
24400, 1, 2, 0.4, 0.35, 4
24410, 1, 2, 0.4, 0.25, 3
24420, 1, 2, 0.4, 0.25, 3
24430, 1, 2, 0.2, 0.25, 3
24440, 0, 2, 0.2, 0.25, 3
24450, 1, 2, 0.2, 0.25, 3
24460, 1, 2, 0.2, 0.25, 3
24470, 0, 2, 0.2, 0.25, 3
25010, 0, 2, 0.3, 0.25, 3
25020, 0, 1, 0.35, 0.25, 3
25030, 1, 2, 0.3, 0.25, 3
25040, 1, 2, 0.3, 0.25, 4
25050, 1, 2, 0.3, 0.35, 3
25060, 1, 2, 0.3, 0.35, 3
25070, 0, 1, 0.3, 0.35, 3
25080, 0, 1, 0.4, 0.25, 3
25090, 1, 2, 0.45, 0.25, 3
25100, 1, 1, 0.35, 0.25, 3
25110, 1, 2, 0.45, 0.25, 3
25120, 1, 2, 0.3, 0.25, 4
25130, 1, 2, 0.3, 0.25, 4
25140, 1, 2, 0.3, 0.35, 4
25150, 1, 2, 0.3, 0.35, 3
25160, 1, 2, 0.3, 0.25, 3
25170, 1, 2, 0.3, 0.25, 3
25180, 1, 2, 0.3, 0.25, 3
25190, 1, 2, 0.3, 0.25, 3
25200, 1, 2, 0.3, 0.25, 3
25210, 1, 2, 0.3, 0.25, 3
25220, 1, 2, 0.3, 0.25, 4
25230, 1, 2, 0.3, 0.25, 4
25240, 1, 2, 0.3, 0.35, 4
25250, 1, 2, 0.3, 0.35, 3
25260, 0, 1, 0.3, 0.35, 3
25270, 0, 1, 0.4, 0.25, 3
25280, 0, 2, 0.35, 0.25, 3
25290, 1, 2, 0.35, 0.25, 3
25300, 0, 1, 0.4, 0.35, 3
25310, 1, 2, 0.35, 0.25, 3
25320, 1, 2, 0.35, 0.25, 3
25330, 2, 3, 0.2, 0.25, 4
25340, 2, 3, 0.2, 0.25, 4
25350, 2, 3, 0.4, 0.35, 3
25360, 1, 2, 0.4, 0.35, 3
25370, 0, 2, 0.4, 0.35, 3
25380, 1, 2, 0.35, 0.25, 3
25390, 0, 1, 0.4, 0.35, 3
25400, 2, 3, 0.45, 0.3, 3
25410, 2, 3, 0.3, 0.35, 4
25420, 2, 3, 0.3, 0.35, 4
25430, 1, 3, 0.2, 0.25, 3
25440, 1, 2, 0.2, 0.25, 3
25450, 0, 1, 0.3, 0.25, 3
25460, 0, 1, 0.3, 0.25, 3
25470, 2, 3, 0.45, 0.3, 3
25480, 1, 3, 0.45, 0.3, 3
25490, 2, 3, 0.45, 0.3, 3
25500, 2, 3, 0.3, 0.35, 4
25510, 1, 2, 0.3, 0.25, 3
25520, 2, 3, 0.35, 0.25, 4
25530, 2, 3, 0.35, 0.25, 4
25540, 2, 3, 0.3, 0.25, 4
25550, 2, 3, 0.3, 0.25, 4
25560, 2, 3, 0.3, 0.25, 4
25570, 2, 3, 0.2, 0.35, 3
25580, 1, 2, 0.2, 0.35, 3
25590, 1, 2, 0.3, 0.25, 4
25600, 1, 2, 0.3, 0.25, 4
25610, 0, 1, 0.4, 0.25, 4
25620, 2, 3, 0.35, 0.25, 4
25630, 1, 3, 0.35, 0.25, 4
25640, 2, 3, 0.3, 0.25, 4
25650, 2, 3, 0.3, 0.25, 4
25660, 1, 2, 0.2, 0.25, 4
25670, 1, 2, 0.3, 0.25, 4
25680, 2, 3, 0.4, 0.25, 4
25690, 1, 2, 0.4, 0.35, 4
25700, 1, 2, 0.3, 0.25, 4
25710, 0, 2, 0.4, 0.35, 4
25720, 0, 1, 0.3, 0.25, 4
25730, 0, 1, 0.2, 0.25, 4
25740, 1, 2, 0.2, 0.25, 4
25750, 1, 2, 0.3, 0.25, 4
25760, 1, 2, 0.3, 0.25, 4
25770, 1, 2, 0.3, 0.25, 4
25780, 1, 2, 0.4, 0.25, 4
25790, 1, 2, 0.4, 0.25, 4
25800, 1, 2, 0.2, 0.25, 4
25810, 0, 1, 0.2, 0.25, 4
25820, 0, 1, 0.3, 0.25, 4
25830, 0, 1, 0.2, 0.25, 4
25840, 1, 2, 0.4, 0.25, 4
25850, 1, 2, 0.4, 0.25, 4
25860, 1, 2, 0.4, 0.35, 4
25870, 1, 2, 0.4, 0.35, 4
25880, 0, 2, 0.4, 0.35, 4
25890, 1, 2, 0.4, 0.25, 4
25900, 0, 1, 0.4, 0.35, 4
25910, 0, 1, 0.4, 0.35, 4
25920, 0, 2, 0.2, 0.25, 4
26010, 0, 1, 0.2, 0.25, 4
26020, 0, 2, 0.45, 0.25, 4
26030, 2, 3, 0.45, 0.25, 4
26040, 1, 2, 0.45, 0.25, 4
26050, 0, 2, 0, 0.35, 4
26060, 0, 2, 0, 0.35, 4
26070, 0, 1, 0.4, 0.35, 3
26080, 0, 1, 0.4, 0.35, 3
26090, 0, 2, 0.2, 0.25, 4
26100, 2, 3, 0.3, 0.25, 4
26110, 2, 3, 0.45, 0.25, 4
26120, 0, 1, 0.4, 0.35, 3
26130, 0, 1, 0.4, 0.35, 3
26140, 0, 1, 0.4, 0.25, 4
26150, 0, 1, 0.4, 0.25, 4
26160, 2, 3, 0.3, 0.25, 4
26170, 0, 2, 0.2, 0.35, 4
26180, 2, 3, 0.3, 0.25, 4
26190, 2, 3, 0.3, 0.25, 4
26200, 1, 2, 0.45, 0.25, 4
26210, 0, 1, 0.4, 0.35, 4
26220, 0, 1, 0.2, 0.25, 3
26230, 0, 1, 0.4, 0.25, 4
26240, 0, 3, 0.2, 0.35, 4
26250, 0, 1, 0.2, 0.35, 4
26260, 1, 2, 0.45, 0.25, 4
26270, 0, 1, 0.4, 0.35, 4
26280, 0, 1, 0.4, 0.35, 4
26290, 0, 1, 0.2, 0.25, 3
26300, 0, 1, 0.2, 0.25, 3
26310, 0, 1, 0.2, 0.25, 3
26320, 0, 1, 0.4, 0.25, 3
26330, 0, 1, 0.4, 0.25, 3
26340, 0, 2, 0.45, 0.25, 4
26350, 0, 1, 0.2, 0.25, 4
26360, 0, 1, 0.2, 0.25, 4
26370, 0, 1, 0.2, 0.25, 3
26380, 0, 1, 0.2, 0.25, 3
26390, 0, 1, 0.2, 0.25, 3
26400, 0, 1, 0.4, 0.25, 3
26410, 0, 1, 0.45, 0.25, 4
26420, 0, 1, 0.2, 0.25, 4
26430, 0, 1, 0.2, 0.25, 3
26440, 0, 1, 0.2, 0.25, 4
26450, 0, 1, 0.4, 0.25, 4
26460, 0, 1, 0.4, 0.25, 4
26470, 0, 1, 0.4, 0.25, 4
26480, 0, 1, 0.2, 0.25, 3
26490, 0, 1, 0.2, 0.25, 3
26500, 0, 1, 0.2, 0.25, 4
26510, 0, 1, 0.3, 0.25, 3
26520, 0, 1, 0.2, 0.35, 3
26530, 0, 1, 0.2, 0.25, 3
26540, 0, 1, 0.2, 0.25, 3
26550, 0, 1, 0.4, 0.25, 4
26560, 0, 1, 0, 0, 5
26570, 0, 1, 0.2, 0.25, 3
26580, 0, 1, 0.2, 0, 5
26590, 0, 1, 0.25, 0.35, 5
26600, 0, 1, 0.25, 0.35, 5
27010, 0, 0, 0.25, 0.2, 3
27020, 0, 0, 0.25, 0.2, 3
27030, 0, 0, 0.25, 0.2, 3
27040, 0, 0, 0.25, 0.2, 3
27050, 0, 0, 0.25, 0.2, 3
27060, 0, 0, 0.25, 0.2, 3
27070, 0, 0, 0.25, 0.2, 3
27080, 1, 1, 0.25, 0.2, 3
27090, 1, 1, 0.25, 0.2, 3
27100, 0, 0, 0.25, 0.2, 3
27110, 0, 1, 0.35, 0.15, 3
27120, 1, 2, 0.35, 0.15, 3
27130, 1, 1, 0.25, 0.15, 3
27140, 0, 0, 0.25, 0.2, 3
27150, 0, 0, 0.25, 0.2, 3
27160, 2, 2, 1.4, 0.6, 3
27170, 2, 2, 1.4, 0.6, 3
27180, 0, 1, 0.3, 0.15, 3
27190, 0, 1, 0.35, 0.15, 3
27200, 1, 1, 0.25, 0.15, 3
27210, 0, 0, 0.25, 0.15, 3
27220, 0, 0, 0.25, 0.2, 3
27230, 0, 0, 0.25, 0.2, 3
27240, 0, 0, 0.25, 0.2, 3
27250, 0, 0, 0.25, 0.2, 3
27260, 0, 1, 0.3, 0.15, 3
27270, 1, 2, 0.3, 0.15, 3
27280, 1, 2, 0.75, 0.25, 3
27290, 1, 1, 1.4, 0.6, 3
27300, 0, 2, 0.45, 0.2, 3
27310, 0, 1, 0.45, 0.2, 3
27320, 1, 2, 0.45, 0.2, 3
27330, 1, 2, 0.45, 0.2, 3
27340, 1, 2, 0.45, 0.2, 3
27350, 1, 2, 0.75, 0.25, 3
27360, 0, 0, 0.4, 0.15, 3
27370, 0, 0, 0.4, 0.15, 3
27380, 0, 0, 0.25, 0.2, 3
27390, 0, 0, 0.25, 0.2, 3
27400, 0, 0, 0.25, 0.15, 4
27410, 0, 0, 0.25, 0.15, 4
27420, 1, 2, 0.45, 0.2, 3
27430, 1, 2, 0.45, 0.2, 3
27440, 0, 2, 0.45, 0.2, 3
27450, 0, 0, 0.4, 0.15, 3
27460, 1, 1, 0.25, 0.2, 3
27470, 1, 1, 0.25, 0.2, 3
27480, 0, 1, 0.35, 0.15, 3
27490, 0, 0, 0.25, 0.2, 3
27500, 0, 0, 0.25, 0.2, 4
27510, 0, 0, 0.25, 0.15, 3
27520, 0, 0, 0.25, 0.15, 3
27530, 0, 0, 0.4, 0.15, 4
27540, 0, 0, 0.05, 0.15, 4
27550, 0, 0, 0.25, 0.15, 3
27560, 0, 0, 0.25, 0.2, 4
27570, 0, 0, 0.25, 0.2, 4
27580, 0, 0, 0.25, 0.2, 4
27590, 0, 0, 0.25, 0.2, 4
27600, 0, 0, 0.25, 0.2, 4
27610, 0, 1, 0.15, 0.2, 5
27620, 1, 1, 0.15, 0.2, 5
27630, 0, 0, 0.25, 0.2, 4
27640, 0, 0, 0.25, 0.2, 4
27650, 1, 1, 0.3, 0.15, 5
27660, 0, 0, 0.35, 0.15, 4
28010, 1, 1, 0.25, 0.2, 3
28020, 1, 1, 0.25, 0.2, 3
28030, 0, 0, 0.35, 0.15, 3
28040, 0, 0, 0.35, 0.15, 3
28050, 0, 2, 0.3, 0.2, 3
28060, 0, 1, 0.3, 0.2, 3
28070, 0, 2, 0.3, 0.2, 3
28080, 0, 0, 0.25, 0.2, 3
28090, 0, 0, 0.25, 0.2, 3
28100, 0, 0, 0.25, 0.15, 3
28110, 0, 0, 0.25, 0.2, 3
28120, 0, 1, 0.25, 0.2, 3
28130, 0, 1, 0.25, 0.2, 3
28140, 0, 0, 0.25, 0.2, 4
28150, 0, 0, 0, 0, 3
28160, 0, 1, 0, 0, 4
28170, 0, 2, 0.5, 0.2, 3
28180, 0, 2, 0.45, 0.2, 3
28190, 0, 1, 0.35, 0.15, 3
28200, 0, 0, 0.25, 0.2, 3
28210, 0, 0, 0.25, 0.2, 4
28220, 0, 0, 0.35, 0.15, 4
28230, 0, 0, 0, 0, 3
28240, 1, 2, 0.45, 0.2, 3
28250, 0, 2, 0.45, 0.2, 3
28260, 0, 2, 0.35, 0.15, 3
28270, 0, 0, 0.35, 0.15, 4
28280, 0, 0, 0.25, 0.2, 4
28290, 1, 3, 0.55, 0.2, 3
28300, 0, 1, 0.25, 0.2, 4
28310, 0, 1, 0.25, 0.15, 4
28320, 1, 2, 0.4, 0.15, 3
28330, 2, 3, 0.6, 0.2, 3
28340, 0, 1, 0.25, 0.15, 4
28350, 0, 1, 0.25, 0.15, 4
28360, 1, 3, 0.4, 0.15, 3
28370, 1, 3, 0.4, 0.15, 3
28380, 1, 3, 0.5, 0.2, 3
28390, 0, 2, 0.5, 0.2, 3
28400, 0, 2, 0.25, 0.15, 4
28410, 0, 1, 0.25, 0.15, 4
28420, 0, 1, 0.25, 0.15, 3
28430, 0, 2, 0.3, 0.15, 4
28440, 0, 1, 0.25, 0.15, 4
28450, 0, 1, 0.25, 0.15, 3
28460, 0, 1, 0.25, 0.15, 4
28470, 1, 2, 0.3, 0.15, 4
28480, 0, 2, 0.3, 0.15, 4
28490, 0, 1, 0.25, 0.15, 4
28500, 0, 2, 0.35, 0, 3
28510, 0, 2, 0.25, 0.15, 3
28520, 0, 1, 0.25, 0.15, 3
28530, 0, 1, 0.25, 0.15, 3
28540, 0, 2, 0.25, 0.15, 3
28550, 1, 2, 0.3, 0.15, 4
28560, 0, 1, 0.3, 0.15, 4
28570, 1, 2, 0.3, 0.15, 4
28580, 0, 1, 0.3, 0.15, 4
28590, 0, 1, 0.35, 0, 3
28600, 0, 1, 0.25, 0.2, 3
28610, 0, 1, 0.25, 0.2, 3
28620, 0, 1, 0.25, 0.15, 3
28630, 1, 2, 0.35, 0.15, 3
28640, 0, 2, 0.3, 0.15, 4
28650, 1, 2, 0.35, 0.15, 3
28660, 1, 2, 0.3, 0.15, 4
28670, 0, 0, 0.25, 0.2, 3
28680, 0, 0, 0.25, 0.2, 3
28690, 0, 0, 0.25, 0.2, 3
28700, 0, 0, 0.25, 0.2, 3
28710, 0, 0, 0.25, 0.15, 3
28720, 0, 0, 0.25, 0.15, 3
28730, 1, 1, 0.25, 0.15, 3
28740, 0, 0, 0.25, 0.15, 3
28750, 0, 0, 0.25, 0.15, 3
29010, 0, 0, 0.3, 0.2, 4
29020, 0, 0, 0.3, 0.2, 4
29030, 0, 1, 0.3, 0.2, 4
29040, 0, 0, 0.25, 0.2, 3
29050, 1, 1, 0.3, 0.2, 4
29060, 0, 0, 0.25, 0.2, 3
29070, 0, 0, 0.25, 0.2, 3
29080, 1, 1, 0.3, 0.2, 4
29090, 1, 1, 0.3, 0.2, 4
29100, 1, 1, 0.05, 0.2, 5
29110, 0, 1, 0, 0.2, 4
29120, 0, 0, 0.25, 0.2, 3
29130, 0, 1, 0.3, 0.15, 4
29140, 0, 1, 0.3, 0.15, 4
29150, 0, 1, 0, 0.2, 4
29160, 0, 1, 0.3, 0.15, 4
29170, 0, 2, 0.3, 0.15, 4
29180, 0, 2, 0.3, 0.15, 4
29190, 0, 2, 0.3, 0.15, 4
29200, 0, 1, 0.3, 0.15, 4
29210, 0, 1, 0.3, 0.15, 4
29220, 0, 1, 0.25, 0.2, 4
29230, 1, 2, 0.3, 0.15, 4
29240, 1, 2, 0.3, 0.15, 4
29250, 0, 2, 0.3, 0.15, 4
29260, 1, 2, 0.4, 0.2, 5
29270, 1, 2, 0.25, 0.2, 4
29280, 0, 1, 0.05, 0.15, 4
29290, 1, 2, 0.3, 0.15, 4
29300, 1, 2, 0.3, 0.15, 4
29310, 1, 2, 0.6, 0.25, 5
29320, 1, 2, 0.6, 0.25, 5
29330, 1, 2, 0.3, 0.2, 4
29340, 0, 2, 0.05, 0.15, 4
29350, 0, 2, 0.45, 0.2, 4
29360, 1, 2, 0.6, 0.25, 5
29370, 1, 2, 0.3, 0.2, 4
29380, 0, 1, 0.45, 0.2, 4
29390, 1, 2, 0.3, 0.2, 4
29400, 0, 1, 0.25, 0.2, 4
29410, 0, 0, 0.25, 0.2, 4
29420, 0, 0, 0.25, 0.2, 4
29430, 0, 0, 0.25, 0.2, 4
29440, 0, 0, 0.25, 0.2, 4
29450, 0, 0, 0.25, 0.2, 4
31010, 0, 0, 0, 0, 1
31020, 0, 0, 0.25, 0.2, 4
31030, 0, 0, 0, 0, 1
31040, 0, 0, 0, 0, 1
31050, 0, 0, 0, 0, 1
31060, 0, 0, 0.2, 0.15, 4
31070, 0, 0, 0.2, 0.15, 4
31080, 0, 0, 0.25, 0.2, 3
31090, 0, 0, 0.25, 0.2, 3
31100, 0, 0, 0.25, 0.2, 3
31110, 0, 0, 0.2, 0.15, 3
31120, 0, 0, 0.2, 0.15, 3
31130, 0, 0, 0.3, 0.2, 5
31140, 0, 0, 0.25, 0.2, 3
31150, 0, 0, 0.25, 0.2, 3
31160, 0, 0, 0.3, 0.2, 5
31170, 0, 0, 0.3, 0.2, 5
31180, 0, 0, 0.3, 0.2, 5
31190, 0, 0, 0.3, 0.2, 5
31200, 0, 0, 0.25, 0.2, 3
31210, 0, 0, 0.2, 0.15, 3
31220, 0, 0, 0.2, 0.15, 3
31230, 0, 0, 0.3, 0.2, 5
31240, 0, 0, 0.3, 0.2, 5
31250, 0, 0, 0.3, 0.2, 5
32010, 0, 0, 0.3, 0.2, 3
32020, 0, 0, 0.25, 0.2, 3
32030, 1, 1, 0.65, 0.3, 3
32040, 1, 1, 0.65, 0.3, 3
32050, 0, 0, 0.25, 0.15, 3
32060, 0, 0, 0.25, 0.15, 3
32070, 0, 0, 0.2, 0.15, 3
32080, 0, 0, 0.2, 0.15, 3
32090, 0, 0, 0.2, 0.15, 3
32100, 0, 0, 0.25, 0.2, 3
32110, 0, 0, 0.25, 0.2, 2
32120, 0, 0, 0.25, 0.15, 3
32130, 0, 0, 0.25, 0.2, 2
32140, 0, 0, 0.25, 0.2, 3
32150, 0, 0, 0.25, 0.2, 3
32160, 0, 0, 0.25, 0.15, 3
32170, 0, 0, 0.2, 0.15, 3
32180, 0, 0, 0.2, 0.15, 3
32190, 0, 0, 0.2, 0.15, 3
32200, 0, 0, 0.2, 0.15, 3
32210, 0, 1, 0.25, 0.2, 3
32220, 0, 0, 0.2, 0.15, 3
32230, 0, 0, 0.2, 0.15, 3
32240, 0, 0, 0.2, 0.15, 3
32250, 0, 0, 0, 0, 3
32260, 0, 0, 0.3, 0.2, 3
32270, 0, 0, 0.2, 0.15, 3
32280, 0, 0, 0.2, 0.15, 3
32290, 1, 1, 0.25, 0.2, 3
32300, 0, 0, 0.3, 0.2, 3
32310, 1, 1, 0.3, 0.2, 2
32320, 0, 0, 0.3, 0.2, 2
32330, 0, 0, 0.25, 0.15, 2
32340, 0, 0, 0.25, 0.15, 2
32350, 0, 0, 0, 0.15, 3
32360, 0, 0, 0.2, 0.15, 3
32370, 0, 1, 0.3, 0.2, 2
32380, 0, 0, 0, 0.15, 3
32390, 0, 0, 0.2, 0.15, 3
32400, 0, 0, 0.2, 0.15, 3
32410, 1, 1, 0.3, 0.2, 3
32420, 0, 0, 0.3, 0.2, 2
32430, 0, 0, 0.25, 0.15, 2
32440, 0, 0, 0.25, 0.15, 2
32450, 0, 0, 0, 0.15, 3
32460, 0, 0, 0.3, 0.2, 3
32470, 0, 0, 0.3, 0.2, 3
32480, 0, 0, 0.3, 0.2, 2
32490, 0, 0, 0.25, 0.15, 2
32500, 0, 0, 0.25, 0.15, 2
32510, 0, 0, 0.25, 0.15, 2
32520, 0, 0, 0, 0.15, 3
32530, 0, 0, 0.2, 0.15, 3
32540, 0, 0, 0.05, 0.15, 2
32550, 0, 0, 0, 0.15, 3
32560, 0, 0, 0, 0.15, 3
32570, 0, 0, 0.2, 0.15, 3
32580, 0, 0, 0, 0.15, 3
32590, 0, 0, 0, 0.15, 3
32600, 0, 0, 0.05, 0.15, 3
32610, 0, 0, 0.05, 0.15, 3
32620, 0, 0, 0.05, 0.15, 3
32630, 0, 0, 0, 0.15, 3
32640, 0, 0, 0, 0.15, 3
33010, 0, 0, 0, 0, 3
33020, 0, 0, 0, 0, 3
33030, 0, 0, 0, 0, 3
33040, 0, 0, 0.25, 0.2, 3
33050, 0, 0, 0.25, 0.15, 3
33060, 0, 0, 0.05, 0, 3
33070, 0, 0, 0.25, 0.2, 3
33080, 0, 0, 0.25, 0.2, 3
33090, 0, 0, 0.05, 0, 3
33100, 0, 0, 0.25, 0.2, 3
33110, 0, 0, 0.25, 0.2, 3
33120, 0, 0, 0.25, 0.2, 3
33130, 0, 0, 0.25, 0.15, 3
33140, 0, 0, 0.05, 0, 3
33150, 0, 0, 0.25, 0.15, 3
33160, 0, 0, 0.25, 0.2, 3
33170, 0, 0, 0, 0, 3
33180, 0, 0, 0.25, 0.2, 3
33190, 0, 0, 0.25, 0.2, 3
33200, 0, 0, 0.25, 0.2, 3
33210, 0, 0, 0.3, 0.2, 3
33220, 0, 0, 0.25, 0.15, 3
33230, 0, 0, 0.05, 0, 3
33240, 0, 0, 0.05, 0, 3
33250, 1, 1, 0.65, 0.3, 3
33260, 0, 0, 0.25, 0.2, 3
33270, 0, 0, 0.3, 0.2, 3
33280, 0, 0, 0.3, 0.2, 3
33290, 0, 0, 0.3, 0.2, 3
33300, 1, 1, 0.65, 0.3, 3
33310, 0, 0, 0.3, 0.2, 3
34010, 0, 0, 0, 0, 3
34020, 0, 0, 0.2, 0.15, 3
34030, 0, 0, 0.25, 0.2, 2
34040, 0, 0, 0.3, 0.2, 3
34050, 0, 0, 0, 0, 3
34060, 0, 0, 0.2, 0.15, 3
34070, 0, 0, 0, 0, 3
34080, 0, 0, 0.25, 0.2, 2
34090, 0, 0, 0.3, 0.2, 2
34100, 0, 0, 0.3, 0.2, 3
34110, 0, 0, 0.2, 0.15, 3
34120, 0, 0, 0.3, 0.2, 3
34130, 0, 0, 0.3, 0.2, 3
34140, 0, 0, 0.25, 0.2, 3
34150, 0, 0, 0.2, 0.15, 3
34160, 0, 0, 0.2, 0.15, 3
34170, 0, 0, 0.3, 0.2, 3
34180, 0, 0, 0.3, 0.2, 3
34190, 0, 0, 0.3, 0.2, 3
34200, 0, 0, 0.2, 0.15, 3
34210, 0, 0, 0.2, 0.15, 3
34220, 0, 0, 0, 0.15, 4
34230, 0, 0, 0.25, 0.2, 3
34240, 0, 0, 0, 0.15, 4
34250, 0, 0, 0.25, 0.2, 1
34260, 0, 0, 0.2, 0.15, 3
34270, 0, 0, 0, 0.15, 4
34280, 0, 0, 0, 0, 3
34290, 0, 0, 0.2, 0.15, 1
35010, 0, 0, 0, 0, 1
35020, 0, 0, 0, 0, 1
35030, 0, 0, 0, 0, 1
35040, 0, 0, 0, 0, 1
35050, 0, 0, 0.2, 0.15, 1
41010, 0, 0, 0.15, 0.1, 3
41020, 0, 0, 0.15, 0.1, 3
41030, 0, 0, 0.15, 0.1, 3
41040, 0, 0, 0.15, 0.1, 2
41050, 0, 0, 0.15, 0.1, 2
41060, 0, 0, 0.15, 0.1, 3
41070, 0, 0, 0.15, 0.1, 2
41080, 0, 0, 0.15, 0.1, 3
41090, 0, 0, 0.15, 0.1, 3
41100, 0, 0, 0.15, 0.1, 3
41110, 0, 0, 0.15, 0.1, 2
41120, 0, 0, 0.15, 0.1, 3
41130, 0, 0, 0.15, 0.1, 3
42010, 0, 0, 0, 0, 3
42020, 0, 0, 0.15, 0.1, 3
42030, 0, 0, 0.15, 0.1, 3
42040, 0, 0, 0.15, 0.1, 3
42050, 0, 0, 0.15, 0, 3
42060, 0, 0, 0.2, 0.1, 3
42070, 0, 0, 0.15, 0.1, 3
42080, 0, 0, 0.15, 0.1, 3
42090, 0, 0, 0.15, 0.1, 3
42100, 0, 0, 0.15, 0.1, 3
42110, 0, 0, 0.15, 0.1, 3
42120, 0, 0, 0.15, 0.1, 3
42130, 0, 0, 0.15, 0.1, 3
42140, 0, 0, 0.15, 0.1, 3
42150, 0, 0, 0.15, 0.1, 3
42160, 0, 0, 0.15, 0.1, 3
42170, 0, 0, 0.2, 0.1, 3
42180, 0, 0, 0.2, 0.1, 3
42190, 0, 0, 0.15, 0.1, 3
42200, 0, 0, 0.15, 0.1, 3
42210, 0, 0, 0.15, 0.1, 3
42220, 0, 0, 0.2, 0.1, 3
42230, 0, 0, 0.2, 0.1, 3
42240, 0, 0, 0.2, 0.1, 3
42250, 0, 0, 0.2, 0.1, 3
42260, 0, 0, 0.15, 0.1, 3
42270, 0, 0, 0.2, 0.1, 3
42280, 0, 0, 0.15, 0.1, 3
42290, 0, 0, 0.15, 0.1, 3
42300, 0, 0, 0.2, 0.1, 3
42310, 0, 0, 0.15, 0.1, 3
42320, 0, 0, 0.15, 0.1, 3
42330, 0, 0, 0.2, 0.1, 3
42340, 0, 0, 0.2, 0.1, 3
42350, 0, 0, 0, 0.1, 3
42360, 0, 0, 0.15, 0.1, 3
42370, 0, 0, 0.15, 0.1, 3
42380, 0, 0, 0.15, 0.1, 3
42390, 0, 0, 0.15, 0.1, 3
42400, 0, 0, 0.15, 0.1, 3
42410, 0, 0, 0.15, 0.1, 3
42420, 0, 0, 0, 0.1, 3
42430, 0, 0, 0.15, 0.1, 3
42440, 0, 0, 0, 0, 3
43010, 0, 0, 0, 0, 3
51010, 0, 0, 0, 0.1, 1
51020, 0, 0, 0.1, 0.25, 3
51030, 0, 0, 0.1, 0.25, 3
51040, 0, 0, 0.1, 0.25, 3
51050, 0, 1, 0.3, 0.2, 5
51060, 0, 0, 0.2, 0.1, 3
51070, 0, 0, 0.2, 0.1, 3
51080, 0, 0, 0.2, 0.1, 3
51090, 0, 0, 0.2, 0.1, 3
51100, 0, 0, 0.2, 0.1, 3
51110, 0, 0, 0.2, 0.1, 3
51120, 0, 0, 0.2, 0.1, 3
51130, 0, 1, 0.3, 0.2, 5
51140, 0, 1, 0.3, 0.2, 5
51150, 0, 1, 0.3, 0.2, 5
51160, 0, 1, 0.3, 0.2, 5
51170, 0, 0, 0.2, 0.1, 3
51180, 0, 0, 0.2, 0.1, 3
51190, 0, 0, 0.2, 0.1, 3
51200, 0, 0, 0.2, 0.1, 3
51210, 0, 0, 0.2, 0.1, 3
51220, 0, 0, 0.2, 0.1, 3
51230, 0, 0, 0, 0, 3
51240, 0, 1, 0.25, 0.15, 5
51250, 0, 1, 0.25, 0.15, 5
51260, 0, 0, 0.2, 0.15, 3
51270, 0, 0, 0.2, 0.15, 3
51280, 0, 0, 0.2, 0.1, 3
51290, 0, 0, 0.2, 0.1, 3
51300, 0, 0, 0.2, 0.1, 3
51310, 0, 0, 0.2, 0.1, 3
51320, 0, 1, 0.3, 0.2, 5
51330, 0, 1, 0.3, 0.2, 5
51340, 0, 0, 0.3, 0.2, 3
51350, 0, 1, 0.3, 0.2, 5
51360, 0, 1, 0.25, 0.15, 5
51370, 0, 1, 0.25, 0.15, 5
51380, 0, 0, 0.2, 0.15, 3
51390, 0, 0, 0.2, 0.1, 3
51400, 0, 0, 0.2, 0.1, 3
51410, 0, 0, 0.2, 0.1, 3
51420, 0, 0, 0.2, 0.1, 3
51430, 0, 0, 0.2, 0.1, 3
51440, 0, 0, 0.2, 0.1, 3
51450, 0, 0, 0.2, 0.15, 3
51460, 0, 0, 0.3, 0.2, 3
51470, 1, 1, 0.3, 0.2, 5
51480, 1, 1, 0.3, 0.2, 5
51490, 1, 1, 0.3, 0.2, 5
51500, 0, 1, 0.35, 0.2, 5
51510, 0, 0, 0.2, 0.15, 3
51520, 0, 0, 0.2, 0.1, 3
51530, 0, 0, 0.2, 0.15, 3
51540, 0, 0, 0.3, 0.2, 3
51550, 1, 1, 0.35, 0.2, 3
51560, 1, 1, 0.35, 0.2, 3
51570, 0, 1, 0.2, 0.15, 5
51580, 1, 1, 0.3, 0.2, 3
51590, 0, 0, 0.2, 0.15, 3
51600, 0, 0, 0, 0, 3
51610, 0, 0, 0.2, 0.1, 3
51620, 0, 0, 0.2, 0.1, 3
51630, 0, 0, 0, 0, 3
51640, 0, 0, 0.2, 0.1, 3
51650, 0, 0, 0.2, 0.15, 3
51660, 0, 0, 0.2, 0.15, 3
51670, 0, 1, 0.25, 0.15, 3
51680, 0, 1, 0.25, 0.15, 3
51690, 0, 1, 0.25, 0.15, 3
51700, 0, 1, 0.25, 0.15, 3
51710, 0, 0, 0.2, 0.15, 3
51720, 0, 0, 0, 0, 3
51730, 0, 0, 0.2, 0.1, 3
51740, 0, 0, 0.2, 0.1, 3
51750, 0, 0, 0.2, 0.15, 3
51760, 0, 0, 0.2, 0.15, 3
51770, 0, 0, 0.2, 0.15, 3
51780, 0, 0, 0.2, 0.15, 3
51790, 0, 0, 0.2, 0.15, 3
51800, 0, 0, 0, 0, 3
51810, 0, 0, 0, 0, 3
52010, 0, 0, 0.2, 0.1, 3
52020, 0, 0, 0.2, 0.1, 3
52030, 0, 0, 0.2, 0.1, 3
52040, 0, 0, 0.2, 0.1, 3
52050, 0, 0, 0.2, 0.1, 3
52060, 0, 0, 0, 0.1, 3
52070, 0, 0, 0, 0.1, 3
52080, 0, 0, 0, 0.1, 3
52090, 0, 0, 0.2, 0.1, 3
52100, 0, 0, 0.2, 0.1, 3
52110, 0, 0, 0.2, 0.1, 3
52120, 0, 0, 0.2, 0.1, 3
52130, 0, 0, 0.2, 0.1, 3
52140, 0, 0, 0.2, 0.1, 3
52150, 0, 0, 0.2, 0.1, 3
52160, 0, 0, 0.2, 0.1, 3
52170, 0, 0, 0.2, 0.1, 3
52180, 0, 0, 0.2, 0.1, 3
52190, 0, 0, 0.2, 0.1, 4
52200, 0, 0, 0.2, 0.1, 4
52210, 0, 0, 0.2, 0.1, 3
52220, 0, 0, 0, 0.1, 4
52230, 0, 0, 0.2, 0.1, 4
52240, 0, 0, 0.2, 0.1, 4
52250, 0, 0, 0.2, 0.1, 3
52260, 0, 0, 0.2, 0.1, 3
52270, 0, 0, 0.2, 0.1, 3
53010, 0, 0, 0, 0.1, 3
53020, 0, 0, 0, 0.1, 3
53030, 0, 0, 0, 0.1, 3
53040, 0, 0, 0, 0.1, 3
53050, 0, 0, 0, 0, 3
53060, 0, 0, 0, 0.1, 3
53070, 0, 0, 0, 0, 3
53080, 0, 0, 0, 0, 3
53090, 0, 0, 0, 0, 3
53100, 0, 0, 0, 0.1, 3
53110, 0, 0, 0, 0, 3
53120, 0, 0, 0, 0, 3
53130, 0, 0, 0.2, 0.1, 2
53140, 0, 0, 0.2, 0.1, 2
53150, 0, 0, 0, 0.1, 3
53160, 0, 0, 0.2, 0.1, 2
53170, 0, 0, 0.2, 0.1, 2
53180, 0, 0, 0.2, 0.1, 2
53190, 0, 0, 0.2, 0.1, 2
53200, 0, 0, 0.2, 0.1, 2
53210, 0, 0, 0, 0.1, 3
53220, 0, 0, 0.2, 0.1, 2
54010, 0, 0, 0.2, 0.1, 3
54020, 0, 0, 0.2, 0.15, 4
54030, 0, 0, 0.2, 0.15, 4
54040, 0, 0, 0.2, 0.1, 3
54050, 0, 0, 0.2, 0.15, 4
54060, 0, 0, 0.2, 0.15, 4
54070, 0, 0, 0.2, 0.15, 4
54080, 0, 0, 0, 0.1, 3
54090, 0, 0, 0, 0.1, 3
54100, 0, 0, 0, 0.1, 3
54110, 0, 0, 0.2, 0.15, 4
54120, 0, 0, 0, 0.1, 3
54130, 0, 0, 0.2, 0.15, 4
54140, 0, 0, 0, 0.15, 4
54150, 0, 0, 0, 0.1, 3
54160, 0, 0, 0.2, 0.15, 4
54170, 0, 0, 0.2, 0.15, 4
54180, 0, 0, 0, 0, 3
54190, 0, 0, 0, 0, 3
54200, 0, 0, 0, 0.1, 3
54210, 0, 0, 0.2, 0.15, 3
54220, 0, 0, 0.2, 0.1, 3
54230, 0, 0, 0.2, 0.15, 4
54240, 0, 0, 0.2, 0.15, 3
54250, 0, 0, 0.2, 0.15, 4
54260, 0, 0, 0.2, 0.15, 4
54270, 0, 0, 0.2, 0.15, 4
54280, 0, 0, 0.2, 0.15, 4
54290, 0, 0, 0.2, 0.15, 4
54300, 0, 0, 0, 0.1, 3
54310, 0, 0, 0.2, 0.1, 3
54320, 0, 0, 0, 0.1, 3
54330, 0, 0, 0.2, 0.1, 3
54340, 0, 0, 0.2, 0.1, 3
54350, 0, 0, 0.05, 0, 3
54360, 0, 0, 0.05, 0, 3
54370, 0, 0, 0, 0, 3
54380, 0, 0, 0, 0.1, 3
54390, 0, 0, 0, 0, 1
54400, 0, 0, 0.2, 0.1, 3
54410, 0, 0, 0, 0.1, 3
54420, 0, 0, 0.2, 0, 3
54430, 0, 0, 0.2, 0.1, 3
54440, 0, 0, 0, 0.1, 3
54450, 0, 0, 0, 0.1, 3
61010, 0, 0, 0.3, 0, 3
61020, 0, 0, 0.3, 0, 3
61030, 0, 0, 0.3, 0, 3
61040, 0, 0, 0.3, 0, 3
61050, 0, 0, 0.35, 0.15, 3
61060, 0, 0, 0.3, 0, 3
61070, 0, 0, 0.3, 0.15, 3
61080, 0, 0, 0.3, 0.15, 3
61090, 0, 0, 0, 0.15, 3
61100, 0, 1, 0.3, 0.15, 3
61110, 0, 0, 0.45, 0.05, 5
61120, 0, 0, 0.3, 0.15, 3
61130, 0, 0, 0, 0.15, 3
61140, 0, 0, 0, 0.15, 3
61150, 1, 1, 0.4, 0.2, 5
61160, 1, 1, 0.4, 0.2, 5
61170, 0, 1, 0.45, 0.05, 5
61180, 0, 0, 0.35, 0.15, 3
61190, 0, 0, 0.3, 0.15, 3
61200, 0, 0, 0.3, 0.15, 3
61210, 0, 0, 0, 0.15, 3
61220, 0, 1, 0.35, 0.15, 3
61230, 0, 0, 0.3, 0.15, 3
61240, 1, 1, 0.45, 0.2, 5
61250, 1, 1, 0.45, 0.2, 5
61260, 0, 1, 0.45, 0.2, 5
61270, 0, 0, 0.45, 0.2, 5
61280, 0, 0, 0.35, 0, 3
61290, 0, 0, 0.35, 0, 3
61300, 0, 0, 0, 0.15, 3
61310, 0, 0, 0, 0.15, 3
61320, 0, 1, 0.3, 0.15, 3
61330, 0, 0, 0.35, 0.15, 4
61340, 0, 0, 0.35, 0.15, 4
61350, 0, 1, 0.45, 0.2, 5
61360, 0, 1, 0.45, 0.2, 5
61370, 0, 0, 0.45, 0.2, 5
61380, 0, 0, 0.45, 0.2, 5
61390, 0, 0, 0.45, 0.2, 5
61400, 0, 0, 0.35, 0, 3
61410, 0, 0, 0.35, 0, 3
61420, 0, 0, 0, 0.15, 3
61430, 1, 1, 0.45, 0.2, 5
61440, 1, 1, 0.45, 0.2, 5
61450, 1, 1, 0.45, 0.2, 5
61460, 1, 1, 0.45, 0.2, 5
61470, 1, 1, 0.45, 0.2, 5
61480, 0, 0, 0.35, 0.15, 3
61490, 0, 0, 0, 0, 3
61500, 0, 0, 0, 0.15, 3
61510, 0, 0, 0, 0.15, 3
61520, 0, 0, 0.3, 0.15, 3
61530, 0, 0, 0.35, 0.15, 3
61540, 0, 0, 0.4, 0.2, 4
61550, 0, 0, 0.4, 0.2, 4
61560, 0, 0, 0, 0, 3
61570, 0, 0, 0.4, 0.2, 5
61580, 1, 1, 0.45, 0.2, 5
61590, 1, 1, 0.45, 0.2, 5
61600, 1, 1, 0.45, 0.2, 5
61610, 0, 0, 0.35, 0.15, 3
61620, 0, 0, 0.2, 0.15, 3
61630, 0, 0, 0.2, 0.15, 3
61640, 0, 0, 0, 0.15, 3
61650, 0, 0, 0.3, 0.15, 3
61660, 0, 0, 0.4, 0.2, 5
61670, 0, 0, 0.4, 0.2, 5
61680, 1, 1, 0.45, 0.2, 5
61690, 1, 1, 0.45, 0.2, 5
61700, 0, 0, 0.3, 0, 4
61710, 0, 0, 0.3, 0, 4
61720, 0, 0, 0.2, 0.15, 3
61730, 0, 0, 0.45, 0.05, 5
61740, 0, 0, 0.45, 0.05, 5
61750, 0, 0, 0.2, 0.15, 3
61760, 0, 0, 0.35, 0.15, 3
61770, 0, 0, 0.35, 0.15, 4
61780, 0, 0, 0.35, 0.15, 4
61790, 0, 0, 0.2, 0.15, 3
61800, 0, 0, 0.2, 0.15, 3
61810, 0, 0, 0.35, 0.15, 3
61820, 0, 0, 0.35, 0.15, 4
61830, 0, 0, 0, 0.15, 4
61840, 0, 0, 0.2, 0.15, 3
61850, 0, 0, 0, 0.15, 3
61860, 0, 0, 0, 0.15, 3
61870, 0, 0, 0.2, 0.15, 3
61880, 0, 0, 0.35, 0.15, 3
61890, 0, 0, 0.35, 0.15, 4
61900, 0, 0, 0.35, 0.15, 4
61910, 0, 0, 0.2, 0.15, 4
61920, 0, 0, 0.2, 0.15, 4
61930, 0, 0, 0.25, 0.15, 3
62010, 0, 0, 0.25, 0.15, 3
62020, 0, 0, 0.25, 0.15, 3
62030, 0, 0, 0.25, 0.15, 3
62040, 0, 0, 0.2, 0.15, 3
62050, 0, 0, 0.2, 0.15, 3
62060, 0, 0, 0.05, 0.15, 3
62070, 0, 0, 0.2, 0.15, 3
62080, 0, 0, 0.25, 0.15, 3
62090, 0, 0, 0.25, 0.15, 3
62100, 0, 0, 0.25, 0.15, 3
62110, 0, 0, 0.25, 0.15, 3
62120, 0, 0, 0.05, 0.15, 3
62130, 0, 0, 0.2, 0.15, 3
62140, 0, 0, 0.2, 0.15, 3
62150, 0, 0, 0.2, 0.15, 4
62160, 0, 0, 0.2, 0.15, 4
62170, 0, 0, 0.2, 0.15, 4
62180, 0, 0, 0.35, 0.15, 3
62190, 0, 0, 0.35, 0.15, 3
62200, 0, 0, 0.35, 0.15, 5
62210, 0, 0, 0.35, 0.15, 5
62220, 0, 0, 0.2, 0.15, 3
62230, 0, 0, 0.2, 0.15, 3
62240, 0, 0, 0.35, 0.15, 3
62250, 0, 0, 0.35, 0.15, 3
62260, 0, 0, 0.25, 0.15, 4
62270, 0, 0, 0.35, 0.15, 3
62280, 0, 0, 0.35, 0.15, 5
62290, 0, 0, 0.2, 0.15, 3
62300, 0, 0, 0.2, 0.15, 4
62310, 0, 0, 0.35, 0.15, 3
62320, 0, 0, 0.35, 0.15, 3
62330, 0, 0, 0.35, 0.15, 5
62340, 0, 0, 0.2, 0.15, 3
62350, 0, 0, 0.2, 0.15, 3
62360, 0, 0, 0.2, 0.15, 4
62370, 0, 0, 0.2, 0.15, 4
62380, 0, 0, 0.2, 0.15, 4
62390, 0, 0, 0.35, 0.15, 5
62400, 0, 0, 0.35, 0.15, 5
62410, 0, 0, 0.35, 0.15, 5
62420, 0, 0, 0.35, 0.15, 3
62430, 0, 0, 0.35, 0.15, 3
62440, 0, 0, 0.35, 0.15, 3
62450, 0, 0, 0.2, 0.15, 3
62460, 0, 0, 0.2, 0.15, 3
62470, 0, 0, 0.35, 0.15, 3
62480, 0, 0, 0.2, 0.15, 4
62490, 0, 0, 0.2, 0.15, 4
62500, 0, 0, 0.2, 0, 4
62510, 0, 0, 0.2, 0, 4
62520, 0, 0, 0.3, 0.15, 3
62530, 0, 0, 0.3, 0.15, 3
62540, 0, 0, 0.2, 0.15, 3
62550, 0, 0, 0.2, 0.15, 3
62560, 0, 0, 0.3, 0.15, 3
62570, 0, 0, 0.2, 0.15, 3
62580, 0, 0, 0.2, 0.15, 4
62590, 0, 0, 0.2, 0.15, 4
62600, 0, 0, 0.2, 0.15, 4
62610, 0, 0, 0.25, 0.15, 3
62620, 0, 0, 0.25, 0.15, 3
62630, 0, 0, 0.2, 0.15, 3
62640, 0, 0, 0.2, 0.15, 3
62650, 0, 0, 0.2, 0.15, 4
62660, 0, 0, 0.25, 0.15, 3
62670, 0, 0, 0.25, 0.15, 3
62680, 0, 0, 0.2, 0.15, 4
62690, 0, 0, 0.2, 0.15, 4
62700, 0, 0, 0.2, 0.15, 4
62710, 0, 0, 0.25, 0.15, 3
62720, 0, 0, 0.25, 0.15, 3
62730, 0, 0, 0.2, 0.15, 3
62740, 0, 0, 0.2, 0.15, 3
63010, 0, 0, 0.3, 0.15, 2
63020, 0, 0, 0.3, 0.15, 2
63030, 0, 0, 0.3, 0.15, 2
63040, 0, 0, 0.3, 0.15, 2
63050, 0, 0, 0, 0.15, 3
63060, 0, 0, 0.35, 0.15, 4
63070, 0, 0, 0.35, 0.15, 4
63080, 0, 0, 0.3, 0.15, 2
63090, 0, 0, 0.3, 0.15, 2
63100, 0, 0, 0.3, 0.15, 2
63110, 0, 0, 0, 0.15, 3
63120, 0, 0, 0.35, 0.15, 4
63130, 0, 0, 0.35, 0.15, 4
63140, 0, 0, 0.35, 0.15, 4
63150, 0, 0, 0.3, 0.15, 4
63160, 0, 0, 0, 0.15, 3
63170, 0, 0, 0.3, 0.15, 2
63180, 0, 0, 0, 0.15, 3
63190, 0, 0, 0.3, 0.15, 4
63200, 0, 0, 0, 0.15, 4
63210, 0, 0, 0, 0.15, 3
63220, 0, 0, 0, 0.15, 3
63230, 0, 0, 0.2, 0, 3
63240, 0, 0, 0, 0, 3
63250, 0, 0, 0.2, 0, 3
63260, 0, 0, 0.3, 0.15, 4
63270, 0, 0, 0.3, 0.15, 4
63280, 0, 0, 0, 0.15, 3
63290, 0, 0, 0.2, 0.15, 2
63300, 0, 0, 0.2, 0, 3
63310, 0, 0, 0, 0, 3
63320, 0, 0, 0.2, 0, 3
63330, 0, 0, 0.3, 0.15, 4
63340, 0, 0, 0.3, 0.15, 4
63350, 0, 0, 0.3, 0.15, 4
63360, 0, 0, 0.3, 0.15, 4
63370, 0, 0, 0, 0, 2
63380, 0, 0, 0.2, 0.15, 3
63390, 0, 0, 0.2, 0.15, 3
63400, 0, 0, 0.3, 0.15, 4
63410, 0, 0, 0.3, 0.15, 4
63420, 0, 0, 0.3, 0.15, 4
63430, 0, 0, 0.3, 0.15, 4
63440, 0, 0, 0.3, 0.15, 4
63450, 0, 0, 0.2, 0.15, 3
63460, 0, 0, 0.3, 0.15, 4
63470, 0, 0, 0.3, 0.15, 4
63480, 0, 0, 0.2, 0.15, 2
63490, 0, 0, 0.2, 0.15, 2
63500, 0, 0, 0.3, 0.15, 4
63510, 0, 0, 0.3, 0.15, 4
63520, 0, 0, 0.3, 0.15, 4
63530, 0, 0, 0.2, 0.15, 3
63540, 0, 0, 0.3, 0.15, 4
63550, 0, 0, 0.3, 0.15, 4
63560, 0, 0, 0, 0, 2
63570, 0, 0, 0.2, 0.15, 2
63580, 0, 0, 0.25, 0.15, 2
63590, 0, 0, 0.25, 0.15, 2
63600, 0, 0, 0.3, 0.15, 4
63610, 0, 0, 0.25, 0.15, 2
63620, 0, 0, 0.25, 0.15, 2
63630, 0, 0, 0.2, 0.15, 4
63640, 0, 0, 0.2, 0.15, 4
63650, 0, 0, 0.25, 0.15, 2
63660, 0, 0, 0.25, 0.15, 2
63670, 0, 0, 0.25, 0.15, 2
63680, 0, 0, 0.2, 0.15, 2
63690, 0, 0, 0.2, 0.15, 2
63700, 0, 0, 0.2, 0.15, 4
63710, 0, 0, 0.2, 0.15, 4
63720, 0, 0, 0.25, 0.15, 2
63730, 0, 0, 0.25, 0.15, 2
63740, 0, 0, 0.2, 0.15, 4
63750, 0, 0, 0.2, 0.15, 4
63760, 0, 0, 0.2, 0.15, 4
63770, 0, 0, 0.2, 0.15, 4
63780, 0, 0, 0.25, 0.15, 2
63790, 0, 0, 0.2, 0.15, 3
63800, 0, 0, 0.3, 0.15, 3
63810, 0, 0, 0.3, 0.15, 3
63820, 0, 0, 0.3, 0.15, 5
63830, 0, 0, 0.3, 0.15, 5
63840, 0, 0, 0.3, 0.15, 3
63850, 0, 0, 0.3, 0.15, 3
63860, 0, 0, 0.25, 0.15, 2
63870, 0, 0, 0.05, 0, 2
63880, 0, 0, 0.3, 0.15, 3
63890, 0, 0, 0.2, 0.15, 3
63900, 0, 0, 0.3, 0.15, 3
63910, 0, 0, 0.3, 0.15, 3
63920, 0, 0, 0.3, 0.15, 3
63930, 0, 0, 0.05, 0, 2
63940, 0, 0, 0.3, 0.15, 5
63950, 0, 0, 0.3, 0.15, 5
63960, 0, 0, 0.3, 0.15, 3
63970, 0, 0, 0.3, 0.15, 3
64010, 0, 0, 0, 0, 2
64020, 0, 0, 0.2, 0.15, 3
64030, 0, 0, 0.2, 0.15, 3
64040, 0, 0, 0.2, 0.15, 3
64050, 0, 0, 0.2, 0.15, 3
64060, 0, 0, 0.2, 0.15, 3
64070, 0, 0, 0.2, 0.15, 3
64080, 0, 0, 0.2, 0.15, 3
64090, 0, 0, 0.2, 0.15, 3
64100, 0, 0, 0.2, 0.15, 3
64110, 0, 0, 0.2, 0.1, 4
64120, 0, 0, 0.2, 0.1, 2
64130, 0, 0, 0.2, 0.1, 3
64140, 0, 0, 0.2, 0.1, 4
64150, 0, 0, 0.2, 0.1, 4
64160, 0, 0, 0.2, 0.1, 3
64170, 0, 0, 0.2, 0.1, 4
64180, 0, 0, 0.2, 0.1, 3
64190, 0, 0, 0.2, 0.1, 4
64200, 0, 0, 0.2, 0.1, 4
64210, 0, 0, 0.2, 0.1, 4
64220, 0, 0, 0.2, 0.1, 3
64230, 0, 0, 0.2, 0.1, 4
64240, 0, 0, 0.2, 0.1, 3
64250, 0, 0, 0.2, 0.1, 3
64260, 0, 0, 0.2, 0.1, 3
64270, 0, 0, 0.2, 0.1, 3
64280, 0, 0, 0.2, 0.1, 3
64290, 0, 0, 0.15, 0.1, 3
64300, 0, 0, 0.15, 0.1, 3
64310, 0, 0, 0.15, 0.1, 3
64320, 0, 0, 0.2, 0.1, 3
64330, 0, 0, 0.2, 0.1, 3
64340, 0, 0, 0.2, 0.1, 3
64350, 0, 0, 0.2, 0.1, 3
64360, 0, 0, 0.2, 0.1, 3
64370, 0, 0, 0.15, 0.1, 3
64380, 0, 0, 0.15, 0.1, 3
64390, 0, 0, 0.15, 0.1, 3
64400, 0, 0, 0.2, 0.1, 3
64410, 0, 0, 0, 0.1, 3
64420, 0, 0, 0, 0.1, 3
65010, 0, 0, 0.3, 0, 4
65020, 0, 0, 0.3, 0, 4
65030, 0, 0, 0.2, 0.15, 3
65040, 0, 0, 0.3, 0.15, 5
65050, 0, 0, 0.2, 0.15, 3
65060, 0, 0, 0.2, 0.15, 3
65070, 0, 0, 0.2, 0.15, 3
65080, 0, 0, 0.2, 0.15, 3
65090, 0, 0, 0.2, 0.15, 3
65100, 0, 0, 0.2, 0.15, 3
65110, 0, 0, 0.2, 0.1, 2
65120, 0, 0, 0.2, 0.1, 2
65130, 0, 0, 0.2, 0.1, 2
65140, 0, 0, 0, 0.1, 3
65150, 0, 0, 0, 0.1, 3
65160, 0, 0, 0.2, 0.15, 3
65170, 0, 0, 0.2, 0.1, 2
65180, 0, 0, 0.2, 0.1, 2
65190, 0, 0, 0.2, 0.1, 2
65200, 0, 0, 0, 0.1, 3
65210, 0, 0, 0.2, 0.1, 2
65220, 0, 0, 0.25, 0.1, 2
65230, 0, 0, 0.25, 0.1, 2
65240, 0, 0, 0.2, 0.1, 4
65250, 0, 0, 0.2, 0, 2
65260, 0, 0, 0, 0.1, 3
65270, 0, 0, 0.2, 0.1, 4
65280, 0, 0, 0.2, 0.1, 2
65290, 0, 0, 0.2, 0.1, 2
65300, 0, 0, 0.2, 0.1, 2
65310, 0, 0, 0.2, 0.1, 2
65320, 0, 0, 0.25, 0.1, 2
65330, 0, 0, 0.2, 0, 2
65340, 0, 0, 0, 0.1, 3
65350, 0, 0, 0.2, 0.1, 4
65360, 0, 0, 0, 0.1, 3
65370, 0, 0, 0.2, 0.1, 4
65380, 0, 0, 0.2, 0.1, 4
65390, 0, 0, 0.2, 0.1, 4
65400, 0, 0, 0.05, 0.1, 2
65410, 0, 0, 0.05, 0.1, 2
65420, 0, 0, 0.05, 0.1, 2
65430, 0, 0, 0.25, 0.1, 2
65440, 0, 0, 0.25, 0.1, 2
65450, 0, 0, 0.2, 0, 2
65460, 0, 0, 0.2, 0, 2
65470, 0, 0, 0, 0.1, 3
65480, 0, 0, 0.2, 0.1, 4
65490, 0, 0, 0.2, 0.1, 4
65500, 0, 0, 0.2, 0.1, 4
65510, 0, 0, 0.2, 0.1, 3
65520, 0, 0, 0.05, 0.1, 2
65530, 0, 0, 0.05, 0.1, 2
65540, 0, 0, 0.25, 0.1, 2
65550, 0, 0, 0.25, 0.1, 2
65560, 0, 0, 0.2, 0, 2
65570, 0, 0, 0.2, 0.1, 3
65580, 0, 0, 0.2, 0.1, 3
65590, 0, 0, 0.05, 0.1, 2
65600, 0, 0, 0.2, 0.1, 3
65610, 0, 0, 0.2, 0.1, 3
65620, 0, 0, 0.2, 0.1, 3
65630, 0, 0, 0, 0.1, 2
65640, 0, 0, 0, 0.1, 3
65650, 0, 0, 0, 0.1, 3
65660, 0, 0, 0, 0, 3
65670, 0, 0, 0, 0.1, 2
65680, 0, 0, 0, 0.1, 2
65690, 0, 0, 0, 0.1, 2
66010, 0, 0, 0.2, 0.1, 3
66020, 0, 0, 0.2, 0.1, 3
66030, 0, 0, 0.2, 0.1, 3
66040, 0, 0, 0.2, 0.1, 3
66050, 0, 0, 0.15, 0.1, 3
66060, 0, 0, 0.15, 0.1, 3
66070, 0, 0, 0.15, 0.1, 3
66080, 0, 0, 0.2, 0.1, 3
66090, 0, 0, 0.15, 0.1, 3
67010, 0, 0, 0.25, 0.2, 3
67020, 0, 0, 0.2, 0.15, 3
67030, 0, 0, 0.2, 0.15, 3
67040, 0, 0, 0.2, 0.15, 4
67050, 0, 0, 0.2, 0.15, 4
67060, 0, 0, 0.2, 0.15, 4
67070, 0, 0, 0.2, 0.15, 3
67080, 0, 0, 0.2, 0.15, 3
67090, 0, 0, 0.2, 0.15, 3
67100, 0, 0, 0.2, 0.15, 4
67110, 0, 0, 0.2, 0.15, 4
67120, 0, 0, 0.2, 0.15, 4
67130, 0, 0, 0.2, 0.15, 4
67140, 0, 0, 0.2, 0.15, 4
67150, 0, 0, 0.2, 0.15, 4
67160, 0, 0, 0.2, 0.15, 4
67170, 0, 0, 0.2, 0.15, 4
67180, 0, 0, 0.2, 0.15, 4
67190, 0, 0, 0.15, 0.15, 3
67200, 0, 0, 0.15, 0.15, 3
67210, 0, 0, 0.15, 0.15, 3
67220, 0, 0, 0.15, 0.2, 3
67230, 0, 0, 0.15, 0.15, 3
67240, 0, 0, 0.15, 0.2, 3
67250, 0, 0, 0.15, 0.15, 3
67260, 0, 0, 0.15, 0.15, 3
67270, 0, 0, 0.15, 0.15, 3
68010, 0, 0, 0.15, 0.2, 3
68020, 0, 0, 0, 0, 3
68030, 0, 0, 0.15, 0.2, 3
68040, 0, 0, 0.15, 0.2, 3
68050, 0, 0, 0.15, 0.2, 3
68060, 0, 0, 0.15, 0.2, 3
68070, 0, 0, 0, 0, 3
68080, 0, 0, 0.15, 0.2, 3
68090, 0, 0, 0.15, 0.2, 3
68100, 0, 0, 0.15, 0.2, 3
68110, 0, 0, 0.15, 0.2, 3
68120, 0, 0, 0.15, 0.2, 3
68130, 0, 0, 0.15, 0.2, 3
68140, 0, 0, 0.2, 0.15, 3
68150, 0, 0, 0.2, 0.15, 3
68160, 0, 0, 0.2, 0.15, 3
68170, 0, 0, 0.15, 0.2, 3
68180, 0, 0, 0.15, 0.2, 3
68190, 0, 0, 0.2, 0.15, 3
68200, 0, 0, 0.2, 0.15, 3
68210, 0, 0, 0.2, 0.15, 3
68220, 0, 0, 0.15, 0.15, 3
68230, 0, 0, 0.25, 0.15, 3
68240, 0, 0, 0.25, 0.15, 3
68250, 0, 0, 0.25, 0.15, 3
68260, 0, 0, 0.15, 0.15, 3
68270, 0, 0, 0.15, 0.15, 3
68280, 0, 0, 0.15, 0.2, 3
68290, 0, 0, 0.15, 0.2, 3
68300, 0, 0, 0.15, 0.15, 3
68310, 0, 0, 0.25, 0.15, 3
68320, 0, 0, 0.25, 0.15, 3
68330, 0, 0, 0.25, 0.15, 3
68340, 0, 0, 0.15, 0.2, 3
68350, 0, 0, 0, 0, 3
68360, 0, 0, 0.15, 0.2, 3
68370, 0, 0, 0.15, 0.15, 3
68380, 0, 0, 0.25, 0.15, 3
68390, 0, 0, 0.25, 0.15, 3
68400, 0, 0, 0.25, 0.15, 3
68410, 0, 0, 0.15, 0.15, 3
68420, 0, 0, 0.2, 0.15, 3
68430, 0, 0, 0.2, 0.15, 3
68440, 0, 0, 0.2, 0.15, 3
68450, 0, 0, 0.2, 0.15, 3
68460, 0, 0, 0.15, 0.2, 3
68470, 0, 0, 0.2, 0.15, 3
68480, 0, 0, 0.15, 0.2, 3
68490, 0, 0, 0.15, 0.15, 3
68500, 0, 0, 0.15, 0.2, 3
68510, 0, 0, 0.15, 0.2, 3
68520, 0, 0, 0.15, 0.2, 3
68530, 0, 0, 0.15, 0.2, 3
68540, 0, 0, 0.15, 0.2, 3
68550, 0, 0, 0, 0, 3
68560, 0, 0, 0.15, 0.2, 3
68570, 0, 0, 0.15, 0.2, 3
68580, 0, 0, 0.2, 0.2, 4
68590, 0, 0, 0, 0, 3
68600, 0, 0, 0.15, 0.2, 3
68610, 0, 0, 0.15, 0.2, 3
68620, 0, 0, 0.15, 0.2, 3
68630, 0, 0, 0.15, 0.2, 3
68640, 0, 0, 0.2, 0.2, 3
68650, 0, 0, 0.15, 0.2, 3
68660, 0, 0, 0, 0, 3
68670, 0, 0, 0.15, 0.15, 3
68680, 0, 0, 0.2, 0.2, 3
68690, 0, 0, 0.2, 0.2, 3
68700, 0, 0, 0, 0, 3
68710, 0, 0, 0.15, 0.15, 3
68720, 0, 0, 0.15, 0.15, 3
68730, 0, 0, 0, 0, 2
68740, 0, 0, 0, 0, 3
68750, 0, 0, 0, 0, 3
68760, 0, 0, 0, 0, 3
68770, 0, 0, 0.2, 0.2, 3
68780, 0, 0, 0.2, 0.2, 3
68790, 0, 0, 0.15, 0.2, 3
68800, 0, 0, 0.15, 0.2, 2
68810, 0, 0, 0.2, 0.2, 3
68820, 0, 0, 0.15, 0.2, 3
68830, 0, 0, 0, 0, 3
68840, 0, 0, 0, 0, 3
71010, 0, 0, 0, 0, 1
71020, 0, 0, 0.2, 0.1, 1
71030, 0, 0, 0.2, 0.1, 1
71040, 0, 0, 0, 0, 1
71050, 0, 0, 0, 0, 1
71060, 0, 0, 0.2, 0.1, 2
71070, 0, 0, 0.2, 0.1, 1
71080, 0, 0, 0, 0, 1
71090, 0, 0, 0, 0, 1
71100, 0, 0, 0, 0, 1
71110, 0, 0, 0.2, 0.1, 1
71120, 0, 0, 0.2, 0.1, 2
71130, 0, 0, 0.2, 0.1, 2
71140, 0, 0, 0.2, 0.1, 2
71150, 0, 0, 0.2, 0.1, 2
71160, 0, 0, 0, 0, 1
71170, 0, 0, 0.2, 0.1, 1
72010, 0, 0, 0.2, 0.1, 1
72020, 0, 0, 0, 0, 1
72030, 0, 0, 0.2, 0.1, 1
72040, 0, 0, 0, 0, 1
72050, 0, 0, 0.2, 0.1, 1
72060, 0, 0, 0, 0, 1
72070, 0, 0, 0, 0, 1
72080, 0, 0, 0.2, 0.1, 1
81010, 0, 0, 0.15, 0.1, 1
81020, 0, 0, 0.15, 0.1, 1
81030, 0, 0, 0.15, 0.1, 1
81040, 0, 0, 0.15, 0.1, 1
81050, 0, 0, 0.15, 0.1, 1
81060, 0, 0, 0, 0, 1
81070, 0, 0, 0.15, 0.1, 1
81080, 0, 0, 0.15, 0.1, 1
81090, 0, 0, 0.15, 0.1, 1
81100, 0, 0, 0.15, 0.1, 1
81110, 0, 0, 0.15, 0.1, 1
81120, 0, 0, 0.15, 0.1, 1
81130, 0, 0, 0.15, 0.1, 1
81140, 0, 0, 0.15, 0.1, 2
81150, 0, 0, 0.15, 0.1, 1
81160, 0, 0, 0.15, 0.1, 1
81170, 0, 0, 0.15, 0.1, 1
81180, 0, 0, 0.15, 0.1, 2
81190, 0, 0, 0.15, 0.1, 1
81200, 0, 0, 0.15, 0.1, 1
81210, 0, 0, 0.15, 0.1, 2
81220, 0, 0, 0.15, 0.1, 1
81230, 0, 0, 0.15, 0.1, 1
81240, 0, 0, 0, 0, 2
81250, 0, 0, 0.15, 0.1, 1
81260, 0, 0, 0.15, 0.1, 1
81270, 0, 0, 0.2, 0.1, 2
81280, 0, 0, 0.15, 0.1, 1
81290, 0, 0, 0.15, 0.1, 1
81300, 0, 0, 0.15, 0.1, 1
81310, 0, 0, 0.15, 0.1, 1
81320, 0, 0, 0.15, 0.1, 1
81330, 0, 0, 0.15, 0.1, 1
81340, 0, 0, 0.15, 0.1, 2
81350, 0, 0, 0.15, 0.1, 1
81360, 0, 0, 0.15, 0.1, 1
81370, 0, 0, 0.15, 0.1, 1
81380, 0, 0, 0.2, 0.1, 2
81390, 0, 0, 0, 0, 1
81400, 0, 0, 0.15, 0.1, 1
81410, 0, 0, 0.15, 0.1, 2
81420, 0, 0, 0.2, 0.1, 2
81430, 0, 0, 0.15, 0.1, 1
81440, 0, 0, 0.15, 0.1, 1
81450, 0, 0, 0.15, 0.1, 1
81460, 0, 0, 0.05, 0, 2
81470, 0, 0, 0.2, 0.1, 2
81480, 0, 0, 0.2, 0.1, 2
81490, 0, 0, 0.05, 0, 1
81500, 0, 0, 0.15, 0.1, 1
81510, 0, 0, 0.15, 0.1, 1
81520, 0, 0, 0.05, 0, 2
81530, 0, 0, 0, 0, 2
81540, 0, 0, 0.15, 0.1, 1
81550, 0, 0, 0.15, 0.1, 1
81560, 0, 0, 0.2, 0.1, 2
81570, 0, 0, 0, 0, 2
81580, 0, 0, 0.15, 0.1, 1
81590, 0, 0, 0.15, 0.1, 1
81600, 0, 0, 0.15, 0.1, 1
81610, 0, 0, 0.15, 0.1, 1
81620, 0, 0, 0, 0, 1
81630, 0, 0, 0.15, 0.1, 1
81640, 0, 0, 0.15, 0.1, 1
81650, 0, 0, 0.15, 0.1, 1
81660, 0, 0, 0, 0, 1
82010, 0, 0, 0, 0, 1
82020, 0, 0, 0.15, 0.1, 1
82030, 0, 0, 0.15, 0.1, 1
82040, 0, 0, 0, 0, 1
82050, 0, 0, 0.15, 0.1, 1
82060, 0, 0, 0, 0, 1
82070, 0, 0, 0.15, 0.1, 1
82080, 0, 0, 0.15, 0.1, 1
82090, 0, 0, 0.15, 0.1, 1
82100, 0, 0, 0.15, 0.1, 1
82110, 0, 0, 0.15, 0.1, 1
82120, 0, 0, 0.15, 0.1, 1
82130, 0, 0, 0, 0, 1
82140, 0, 0, 0.15, 0.1, 1
82150, 0, 0, 0.15, 0.1, 1
82160, 0, 0, 0.15, 0.1, 1
82170, 0, 0, 0.15, 0.1, 1
82180, 0, 0, 0.15, 0.1, 1
82190, 0, 0, 0.15, 0.1, 1
82200, 0, 0, 0, 0, 1
82210, 0, 0, 0, 0, 1
82220, 0, 0, 0, 0, 1
82230, 0, 0, 0, 0, 1
82240, 0, 0, 0, 0, 1
82250, 0, 0, 0.15, 0.1, 1
82260, 0, 0, 0.15, 0.1, 1
82270, 0, 0, 0, 0, 1
82280, 0, 0, 0, 0, 1
82290, 0, 0, 0, 0, 1
82300, 0, 0, 0, 0, 1
82310, 0, 0, 0.15, 0.1, 1
82320, 0, 0, 0.15, 0.1, 1
82330, 0, 0, 0.15, 0.1, 1
82340, 0, 0, 0.15, 0.1, 1
82350, 0, 0, 0.15, 0.1, 1
82360, 0, 0, 0.15, 0.1, 1
82370, 0, 0, 0.15, 0.1, 1
82380, 0, 0, 0.15, 0.1, 1
82390, 0, 0, 0.15, 0.1, 1
82400, 0, 0, 0, 0, 1
82410, 0, 0, 0, 0, 1
83010, 0, 0, 0.15, 0.1, 1
83020, 0, 0, 0.15, 0.1, 1
83030, 0, 0, 0.15, 0.1, 1
83040, 0, 0, 0.15, 0.1, 1
83050, 0, 0, 0.15, 0.1, 1
83060, 0, 0, 0.15, 0.1, 1
