mat_id,mo50,mo60,mo61,mo69,mo70,mo71,mo80
mat_name,areahc,prk2hr,prk8hr,railStn,cs250,cs500,bikesc
mat_desc,taz_a_area_hec,parkingcost2hr,parkingcost8hr,railstationinzone,car_share_250m,car_share_500m,bikescore
TAZ1700,Hectares,parking_two_hr_rate,parking_eight_hr_rate,rail_stn_dummy,car_share_250m,car_share_500m,bike_score_taz
11010,119.0695,0,0,0,0,0,1
11020,4479.011,0,0,0,0,0,1
11030,188.1835,6.89,10.71,0,0,0,4
11040,1436.048,0,0,0,0,0,3
11050,92.2381,0,0,0,0,0,3
11060,291.1515,0,0,0,0,0,4
11070,141.8509,0,0,0,0,0,3
11080,245.4971,0,0,0,0,0,3
11090,539.8455,0,0,0,0,0,3
11100,381.2663,0,0,0,0,0,4
11110,92.4252,0,0,0,0,0,4
11120,109.4498,0,0,0,0,0,4
11130,41.12051,0,0,0,0,0,3
11140,32.11432,0,0,0,0,0,3
11150,33.54576,0,0,0,0,0,3
11160,78.29492,0,0,0,0,0,3
11170,18.28399,0,0,0,0,0,4
11180,24.45023,0,0,0,0,0,3
11190,22.36873,0,0,0,0,0,3
11200,55.49699,0,0,0,0,0,3
11210,58.80519,0,0,0,0,0,3
11220,59.50126,0,0,0,0,0,3
11230,79.07343,0,0,0,0,0,3
11240,92.56984,0,0,0,0,0,3
11250,34.06668,4.743867,0,0,0,0,3
11260,59.31865,4.746407,0,0,1,1,3
11270,88.10941,0,6.13,0,1,1,3
11280,150.4236,0,0,0,0,0,3
12010,3646.708,0,0,0,0,0,2
12020,8723.994,0,0,0,0,0,2
12030,185.567,0,0,0,0,0,2
12040,317.4176,0,0,0,0,0,2
12050,191.0508,0,0,0,0,0,3
12060,201.7104,0,0,0,0,1,2
12070,159.1986,0,0,0,0,0,3
12080,134.0151,0,0,0,0,0,2
12090,97.91331,0,0,0,0,0,2
12100,66.97706,0,0,0,0,0,2
12110,52.0847,0,0,0,1,1,2
12120,60.42668,0,0,0,0,1,2
12130,28.56754,0,0,0,0,0,3
12140,19.6743,0,0,0,0,0,3
12150,80.98683,0,0,0,0,0,3
12160,29.143,0,0,0,0,0,3
12170,10.55221,4.57999,0,0,0,0,3
12180,98.85047,0,0,0,1,2,3
12190,60.93371,0,0,0,0,0,3
12200,28.55546,0,0,0,0,1,3
12210,199.4453,0,0,0,0,0,3
12220,32.98208,0,0,0,1,2,3
12230,62.51857,0,0,0,1,1,3
12240,28.02872,0,0,0,1,1,3
12250,161.8748,0,0,0,0,0,3
12260,146.6875,0,0,0,0,0,3
12270,121.2622,0,0,0,0,0,2
12280,172.9863,0,0,0,0,0,2
12290,81.97573,0,0,0,0,0,3
12300,103.2334,5.712956,6.357003,0,0,0,3
12310,121.2739,0,0,0,0,0,3
12320,92.45673,0,0,0,0,1,3
12330,111.6487,0,0,0,0,0,3
12340,40.28427,0,0,0,0,0,3
12350,28.05573,0,0,0,0,0,3
12360,38.21535,0,0,0,0,0,3
12370,82.86915,0,0,0,0,0,2
12380,199.9559,0,0,0,0,0,1
12390,218.246,0,0,0,0,0,2
12400,28.21881,0,0,0,0,0,2
12410,70.41411,0,0,0,0,0,3
12420,150.8676,0,0,0,0,0,2
13010,56.38146,0,0,0,1,2,3
13020,60.74711,0,0,0,0,2,3
13030,55.63991,0,0,0,0,2,3
13040,44.83517,0,0,0,0,1,3
13050,57.41867,0,0,0,0,2,3
13060,25.30798,4.584158,0,0,1,2,3
13070,25.13915,11.16,13.95,0,1,2,3
13080,108.1903,0,0,0,1,2,3
13090,22.33187,0,0,0,0,1,3
13100,27.33246,0,0,0,0,2,3
13110,18.97939,0,0,0,0,1,3
13120,59.71196,0,0,0,1,2,3
13130,15.11893,0,0,0,1,2,3
13140,11.72242,4.780539,5.876833,0,1,2,4
13150,61.05708,0,0,0,0,1,3
13160,41.49234,0,0,0,0,1,3
13170,21.62016,0,0,0,0,2,3
13180,34.8184,0,0,0,2,3,3
13190,33.51395,6.23,6.664702,0,1,2,4
13200,78.16346,0,0,0,0,2,3
13210,17.89644,6.452033,6.859476,1,2,3,4
13220,21.14506,5.96,5.835693,0,2,3,4
13230,8.304335,4.761708,7.91,0,2,3,4
13240,13.55943,0,0,0,2,3,4
13250,48.85102,0,0,0,1,2,3
13260,12.61328,0,0,0,1,3,3
13270,45.84397,0,0,0,0,0,4
13280,11.99302,0,0,0,0,3,3
13290,38.96228,0,0,0,1,2,3
13300,8.179626,4.608094,5.74465,0,1,3,3
13310,35.70151,0,0,0,0,0,4
13320,44.99226,0,0,0,0,1,4
13330,45.09842,0,0,0,0,0,4
14010,31376.04,0,0,0,0,0,1
14020,269.2642,0,0,0,0,0,2
14030,58.91315,0,0,0,0,0,1
14040,5026.706,0,0,0,0,0,1
21010,182.4843,0,0,0,0,1,2
21020,29.27179,5.883348,6.470039,0,2,2,3
21030,57.56915,5.738716,6.38201,0,2,2,2
21040,67.47582,5.931846,6.497202,0,2,1,3
21050,116.7174,0,0,0,2,2,2
21060,16.88153,6.376484,6.797313,0,1,2,3
21070,24.12598,6.250736,6.686538,0,2,2,3
21080,87.06036,0,0,0,2,2,2
21090,55.71287,5.58,5.58,0,2,2,3
21100,43.06266,5.696912,6.342639,0,2,2,2
21110,33.84103,5.58,5.754834,0,1,2,3
21120,42.18936,5.662469,6.309217,0,1,2,3
21130,48.08926,5.73618,6.375731,0,1,1,3
21140,135.7545,5.58,5.58,0,0,2,3
21150,514.222,0,0,0,1,1,2
21160,186.4477,0,0,0,0,0,3
22010,403.3297,6.31,0,0,2,2,4
22020,13.25039,6.153652,7.360203,0,2,3,4
22030,5.386152,6.289855,7.486017,0,2,3,4
22040,5.822625,6.480732,7.632121,0,2,3,4
22050,8.023005,12.55,7.604865,0,2,3,5
22060,5.154059,6.788275,7.858081,0,2,3,5
22070,15.91894,6.166191,7.388996,0,2,3,4
22080,10.73397,6.254899,7.45928,0,2,3,4
22090,4.266599,7.192017,8.120284,0,2,3,4
22100,5.164773,6.92,7.831864,0,2,3,4
22110,5.370619,14.76,11.44,0,2,3,5
22120,14.94159,11.22,10.33,0,2,3,5
22130,6.306039,13.88,8.862075,0,2,3,5
22140,10.64544,7.16,13.95,0,2,3,4
22150,7.879594,6.250993,7.456497,0,2,3,4
22160,5.232869,6.455506,9.31,0,2,3,4
22170,2.594211,14.96081,12.38934,0,2,3,4
22180,2.681619,16.99195,13.3941,0,2,3,5
22190,3.314167,18.67014,14.56895,1,2,3,5
22200,3.086154,14.59385,12.53468,0,2,3,5
22210,2.885777,11.1,12.36,0,2,3,5
22220,10.85371,6.176205,7.387989,0,2,3,4
22230,7.852204,6.089801,7.316492,0,2,3,4
22240,9.866065,6.63,7.362014,0,2,3,4
22250,9.936873,6.25,7.399565,0,2,3,4
22260,7.302626,7.02,7.509465,0,2,3,4
22270,3.894988,10.33284,10.15895,0,2,3,4
22280,3.692402,12.45082,11.04691,0,2,3,4
22290,3.039513,16.18,12.69,0,2,3,4
22300,5.535086,16.41171,13.47621,0,2,3,5
22310,4.81233,14.6501,12.56884,0,2,3,5
22320,3.227502,16.87088,13.34477,0,2,3,5
22330,4.060306,16.67727,13.2559,0,2,3,5
22340,4.395575,12.65129,11.50502,1,2,3,5
22350,17.18113,6.608347,7.66439,1,2,3,5
22360,10.29876,6.142853,7.38131,0,2,3,4
22370,7.205083,7.39,7.467517,0,2,3,4
22380,6.842391,8.23,7.770175,0,2,3,4
22390,5.027779,10.26,9.372192,0,2,3,5
22400,5.283585,13.86,12.22,0,2,3,5
22410,3.593739,10.17949,9.767323,0,2,3,5
22420,3.220599,11.84358,10.74139,1,2,3,5
22430,3.242257,8.519111,9.05138,0,2,3,5
22440,4.802774,8.93,11.84,0,2,3,5
22450,4.514606,9.862181,9.620552,0,2,3,5
22460,4.106087,7.330904,11.16,0,2,3,5
22470,5.80159,10.13662,11.7,0,2,3,5
22480,10.056,6.780445,7.851321,0,1,3,5
22490,14.81283,6.175932,7.405552,0,2,3,4
22500,4.899553,6.473836,7.653541,0,2,3,4
22510,6.799287,9.104941,9.411401,0,2,3,4
22520,5.072611,9.68,13.95,0,2,3,5
22530,5.08231,8.041076,8.703176,0,2,3,5
22540,3.303847,9.203209,9.51,0,2,3,5
22550,3.4397,17.14587,13.43133,1,2,3,5
22560,3.446657,9.180495,9.439013,0,2,3,5
22570,3.599473,10.23,9.455793,0,2,3,5
22580,3.584206,7.64,7.952745,0,2,3,5
22590,3.488,11.25028,10.41938,0,2,3,5
22600,4.227182,7.115043,8.102905,1,2,3,5
22610,7.266163,6.562671,7.692394,0,2,3,5
22620,7.791028,6.61537,7.734694,0,1,3,5
22630,9.243681,6.197639,7.434363,0,2,3,4
22640,4.481883,6.215315,7.426445,0,2,3,4
22650,4.50922,6.485559,7.662,0,2,3,4
22660,5.032398,7.09,9.08,0,2,3,5
22670,4.964322,9.16,8.467776,0,2,3,5
22680,3.246353,7.62,13.95,0,2,3,5
22690,3.292682,6.873689,7.935861,0,2,3,5
22700,3.315458,7.81,7.964119,0,2,3,5
22710,6.806903,7.237791,8.175076,0,2,3,5
22720,6.330927,9.77055,9.536833,0,2,3,5
22730,3.489539,10.46,8.361279,0,2,3,5
22740,2.85199,9.134938,9.414145,0,2,3,5
22750,3.015505,6.884573,13.95,0,2,3,5
22760,10.98123,6.184071,7.415047,0,1,3,5
22770,10.44898,8.096642,12.79,0,2,3,5
22780,5.167005,8.49,13.95,0,2,3,5
22790,3.266219,6.696681,7.798989,0,2,3,5
22800,7.103981,8.214653,8.848101,1,2,3,5
22810,7.254818,6.794283,7.854755,0,2,3,5
22820,4.084791,6.278728,7.483237,0,2,3,5
22830,9.696325,6.932084,7.925768,0,2,3,5
22840,13.8146,6.271127,7.46649,0,2,3,5
22850,6.386932,6.531379,7.596907,1,1,2,5
22860,12.16789,6.163076,7.397166,0,2,3,5
22870,6.047434,6.568217,7.722846,0,2,3,5
22880,4.093853,7.107558,8.078518,0,2,3,5
22890,7.503129,6.432683,7.590361,0,2,3,5
22900,9.341336,9.3,10.57,0,0,3,5
22910,15.67383,6.134181,7.372293,0,2,3,5
23010,66.56251,0,8.39,0,2,3,4
23020,123.1729,0,0,0,0,1,3
23030,76.50322,5.93,10,0,2,3,3
23040,52.29984,0,0,0,2,3,4
23050,25.8357,0,0,0,1,3,4
23060,18.69403,5.295244,6.488086,0,2,3,4
23070,17.02216,5.437526,6.610443,0,2,3,4
23080,25.61168,5.66044,6.816592,0,2,3,4
23090,22.2611,5.570542,8.05,0,1,3,5
23100,16.56636,7.28,6.758866,0,1,3,5
23110,11.5549,5.713728,6.858082,0,1,2,5
23120,11.97272,6.047481,7.175372,0,1,2,5
23130,44.60136,0,0,0,1,2,3
23140,80.80791,0,0,0,2,3,3
23150,27.64989,0,0,0,2,3,4
23160,32.61719,0,0,0,2,3,4
23170,37.39627,5.142828,6.334323,0,2,3,4
23180,16.4429,5.361109,6.528744,0,2,3,4
23190,24.92938,5.520216,6.680442,0,2,3,4
23200,25.12217,5.841413,6.912353,0,2,3,5
23210,10.17267,5.807505,6.912715,0,1,3,5
23220,10.75844,5.360186,6.557179,0,2,3,5
23230,19.54729,5.359681,6.570591,0,2,3,5
23240,14.70441,5.309382,6.509224,0,2,3,5
23250,16.77417,5.364804,6.94,0,2,3,5
23260,14.04706,6.362808,7.324641,0,2,3,5
23270,11.80219,6.38898,7.371247,0,2,3,5
23280,14.13633,5.95208,7.043334,0,2,3,5
23290,15.02824,5.733222,6.829897,0,2,3,5
23300,14.22454,8.63,8.24,0,2,3,5
23310,11.22389,7.97,7.690308,0,2,3,5
23320,20.62177,6.367067,7.349319,1,2,3,5
23330,17.72985,6.00455,7.052327,0,2,3,5
23340,36.96861,0,0,0,1,3,4
23350,33.80435,5.132703,6.303873,0,2,3,4
23360,16.12649,5.283733,6.450211,1,1,3,4
23370,16.24392,7.326735,7.718417,0,2,3,4
23380,10.89655,5.76,6.802348,1,2,3,4
23390,16.14332,5.382709,6.559867,0,2,3,4
23400,15.22821,10.43166,9.555929,1,2,3,4
23410,11.46924,8.558765,9.11,1,2,3,4
23420,12.1106,5.795441,6.89942,1,2,3,4
23430,18.84319,5.447537,6.629132,0,2,3,4
23440,41.49797,5.956981,6.586339,0,1,2,3
23450,41.08317,0,0,0,1,2,3
23460,53.26541,0,0,0,1,2,3
23470,49.55332,0,0,0,2,3,4
23480,46.36805,0,0,0,1,3,4
23490,21.64528,0,0,0,1,3,4
23500,21.82591,7.13,6.48874,0,2,3,4
23510,11.9181,5.370168,6.63,0,2,3,4
23520,19.70415,0,0,0,1,3,4
23530,19.30875,0,13.95,0,2,3,4
23540,14.2524,5.347856,0,0,2,3,4
23550,15.49353,0,0,0,2,3,4
23560,24.79596,5.2458,0,0,2,3,4
23570,46.52579,0,0,0,0,2,3
23580,35.41825,5.158806,6.363126,0,1,3,4
23590,17.00378,0,0,0,1,2,4
23600,27.51659,0,0,0,1,2,4
23610,54.38055,0,0,0,1,2,3
23620,42.75246,0,0,0,1,2,3
23630,69.16079,0,0,0,0,2,3
23640,84.13755,0,0,0,1,3,3
23650,75.75056,0,0,0,1,3,3
23660,80.60886,0,0,0,0,2,3
23670,48.87968,0,0,0,0,1,3
23680,42.60102,4.903135,0,1,1,3,4
23690,17.06941,0,0,0,1,2,4
23700,28.19858,0,0,0,1,2,4
23710,40.93793,0,0,0,1,2,3
23720,50.89925,0,0,0,0,2,3
23730,43.88784,0,0,0,0,1,3
23740,55.91163,0,0,0,0,1,3
23750,49.16536,0,0,0,0,1,3
23760,39.72966,0,0,0,0,1,3
23770,71.59112,0,0,0,1,2,3
23780,43.2197,0,0,0,2,3,4
23790,45.2436,0,0,0,1,2,4
23800,28.80013,13.02,9.3,0,1,2,4
23810,26.13119,0,0,0,1,2,4
24010,56.74532,0,0,0,0,1,3
24020,52.25043,0,0,0,0,2,3
24030,94.1254,6.04,0,0,0,2,4
24040,40.51209,0,0,0,0,1,3
24050,51.84707,0,0,0,0,1,3
24060,46.80503,0,0,0,0,2,3
24070,45.51313,0,0,0,0,2,3
24080,52.94757,0,0,0,0,2,3
24090,43.23394,0,0,0,0,1,3
24100,70.19265,0,0,0,0,2,3
24110,43.12646,0,0,0,0,2,3
24120,25.95729,0,0,0,0,1,3
24130,23.56392,0,0,0,1,2,4
24140,61.29153,0,0,0,0,0,3
24150,43.48906,0,0,0,0,0,3
24160,39.97252,0,0,0,0,0,3
24170,46.40096,0,0,0,0,2,3
24180,43.64611,0,0,0,1,2,3
24190,46.96265,0,0,0,1,2,3
24200,48.56918,0,0,0,0,2,3
24210,68.55319,0,0,0,0,1,4
24220,19.89367,5.240545,6.290344,1,0,1,4
24230,44.28208,0,0,0,1,2,4
24240,52.97686,0,0,1,0,1,4
24250,44.50379,0,0,0,1,2,4
24260,63.74269,0,0,0,1,2,4
24270,30.35391,0,0,0,1,2,4
24280,50.12671,0,0,0,0,2,4
24290,69.766,0,0,0,0,1,3
24300,187.8453,0,0,0,0,0,3
24310,69.42545,0,0,0,0,1,3
24320,96.6539,6.036825,6.660797,0,0,2,4
24330,153.1451,0,0,0,1,1,3
24340,40.14231,0,0,0,0,1,4
24350,43.9207,0,0,0,0,2,4
24360,54.0354,0,0,0,0,2,3
24370,62.01446,0,0,0,0,2,3
24380,51.75566,0,0,0,1,2,4
24390,20.49927,0,0,0,0,1,4
24400,30.20955,0,0,0,1,2,4
24410,37.64117,0,0,0,1,2,3
24420,47.25985,0,0,0,1,2,3
24430,37.45789,0,0,0,1,2,3
24440,13.65413,0,0,0,0,2,3
24450,48.34501,0,0,0,1,2,3
24460,80.24223,4.661036,5.803244,1,1,2,3
24470,38.31875,4.560305,0,0,0,2,3
25010,8.963637,0,0,0,0,2,3
25020,63.3427,0,0,0,0,1,3
25030,51.80278,0,0,0,1,2,3
25040,22.83293,0,0,0,1,2,4
25050,39.62428,0,0,0,1,2,3
25060,41.96165,0,0,0,1,2,3
25070,110.0933,0,0,0,0,1,3
25080,61.61387,0,0,0,0,1,3
25090,15.07063,5.824067,6.971975,0,1,2,3
25100,15.87306,6.171737,7.230423,0,1,1,3
25110,15.38825,0,0,0,1,2,3
25120,21.56769,0,0,0,1,2,4
25130,20.12232,0,0,0,1,2,4
25140,20.70016,0,0,0,1,2,4
25150,36.64717,0,0,0,1,2,3
25160,9.676369,6.345386,7.486328,0,1,2,3
25170,13.40622,5.764875,0,0,1,2,3
25180,14.38825,0,0,0,1,2,3
25190,17.46706,0,0,0,1,2,3
25200,12.32597,0,0,0,1,2,3
25210,14.53979,0,0,0,1,2,3
25220,25.71949,0,0,0,1,2,4
25230,17.29518,0,0,0,1,2,4
25240,33.44243,0,0,0,1,2,4
25250,45.63447,4.992663,6.186474,0,1,2,3
25260,37.86713,0,0,0,0,1,3
25270,24.08688,0,0,0,0,1,3
25280,14.1586,6.844216,7.80245,0,0,2,3
25290,16.40747,5.749429,6.95368,0,1,2,3
25300,21.92528,0,0,0,0,1,3
25310,21.55162,5.500777,0,0,1,2,3
25320,17.29825,5.498984,6.659749,0,1,2,3
25330,44.39505,5.224919,0,0,2,3,4
25340,22.29672,5.242334,6.425367,0,2,3,4
25350,52.09114,0,0,0,2,3,3
25360,70.85783,0,0,0,1,2,3
25370,91.97324,0,0,0,0,2,3
25380,34.34564,7.182402,7.67685,0,1,2,3
25390,18.52908,0,0,0,0,1,3
25400,85.49276,7.227879,7.702841,1,2,3,3
25410,28.00357,5.17417,0,0,2,3,4
25420,22.80521,5.121829,6.305299,1,2,3,4
25430,54.38401,0,0,0,1,3,3
25440,75.43525,0,0,0,1,2,3
25450,38.82946,0,0,0,0,1,3
25460,16.45569,0,0,0,0,1,3
25470,16.92828,5.66608,6.827408,0,2,3,3
25480,26.92053,5.247401,0,0,1,3,3
25490,30.63921,6.679398,7.234582,0,2,3,3
25500,17.25528,5.178589,6.365399,0,2,3,4
25510,65.80986,0,0,0,1,2,3
25520,6.397171,5.672193,6.802048,1,2,3,4
25530,19.88401,5.379047,0,0,2,3,4
25540,26.00012,0,0,0,2,3,4
25550,17.03087,0,0,0,2,3,4
25560,11.83329,5.017275,6.185052,1,2,3,4
25570,20.95732,0,0,0,2,3,3
25580,41.38428,4.861338,6.035443,1,1,2,3
25590,12.47284,5.933554,6.804196,0,1,2,4
25600,19.99843,0,0,0,1,2,4
25610,38.38622,4.819812,5.952143,1,0,1,4
25620,21.83971,5.39236,6.558455,0,2,3,4
25630,10.87542,5.355769,0,0,1,3,4
25640,29.31294,0,0,0,2,3,4
25650,16.15335,0,0,0,2,3,4
25660,32.29305,0,0,0,1,2,4
25670,66.39131,0,0,0,1,2,4
25680,67.09525,0,0,0,2,3,4
25690,38.29404,0,0,0,1,2,4
25700,29.67439,0,0,0,1,2,4
25710,33.12924,0,0,0,0,2,4
25720,34.45364,0,0,0,0,1,4
25730,62.25397,0,0,0,0,1,4
25740,36.99435,0,0,0,1,2,4
25750,33.7225,0,0,0,1,2,4
25760,22.08944,0,0,0,1,2,4
25770,29.26435,0,0,0,1,2,4
25780,26.94651,0,0,0,1,2,4
25790,29.02839,0,0,0,1,2,4
25800,34.37919,4.667228,5.849098,1,1,2,4
25810,37.65517,0,0,0,0,1,4
25820,40.26879,0,0,0,0,1,4
25830,51.04367,0,0,0,0,1,4
25840,29.70546,0,0,0,1,2,4
25850,44.41927,0,0,0,1,2,4
25860,42.26292,0,0,0,1,2,4
25870,51.90501,0,0,0,1,2,4
25880,41.48069,0,0,0,0,2,4
25890,16.93362,0,0,0,1,2,4
25900,25.86704,0,0,0,0,1,4
25910,25.3343,0,0,0,0,1,4
25920,18.08049,0,0,0,0,2,4
26010,32.46978,0,0,0,0,1,4
26020,20.094,0,0,1,0,2,4
26030,33.35024,0,0,1,2,3,4
26040,66.78667,0,0,0,1,2,4
26050,34.49374,0,0,0,0,2,4
26060,47.71134,0,0,0,0,2,4
26070,30.88488,0,0,0,0,1,3
26080,22.69694,0,0,0,0,1,3
26090,34.85973,0,0,0,0,2,4
26100,27.99779,0,0,0,2,3,4
26110,40.10714,0,0,0,2,3,4
26120,38.39415,0,0,0,0,1,3
26130,33.90737,0,0,0,0,1,3
26140,32.95776,0,0,0,0,1,4
26150,17.41823,0,0,0,0,1,4
26160,8.443442,0,0,0,2,3,4
26170,12.97644,0,0,0,0,2,4
26180,17.57713,0,0,0,2,3,4
26190,12.5725,0,0,0,2,3,4
26200,32.73465,0,0,0,1,2,4
26210,40.47377,0,0,0,0,1,4
26220,28.87397,0,0,0,0,1,3
26230,34.21336,0,0,0,0,1,4
26240,34.5998,0,0,0,0,3,4
26250,20.01376,0,0,0,0,1,4
26260,32.6434,0,0,0,1,2,4
26270,40.34873,0,0,0,0,1,4
26280,33.12693,0,0,0,0,1,4
26290,36.2939,0,0,0,0,1,3
26300,39.11166,0,0,0,0,1,3
26310,48.1695,0,0,0,0,1,3
26320,35.0742,0,0,0,0,1,3
26330,42.47577,0,0,0,0,1,3
26340,32.70337,0,0,0,0,2,4
26350,37.84131,0,0,0,0,1,4
26360,31.56021,0,0,0,0,1,4
26370,29.6388,0,0,0,0,1,3
26380,42.89847,0,0,0,0,1,3
26390,50.40882,0,0,0,0,1,3
26400,32.47675,0,0,0,0,1,3
26410,30.70731,0,0,0,0,1,4
26420,40.62865,0,0,0,0,1,4
26430,37.2113,0,0,0,0,1,3
26440,30.7182,0,0,0,0,1,4
26450,45.43266,0,0,0,0,1,4
26460,34.31862,0,0,0,0,1,4
26470,29.239,0,0,0,0,1,4
26480,40.97065,0,0,0,0,1,3
26490,41.39655,0,0,0,0,1,3
26500,34.78115,0,0,0,0,1,4
26510,143.3282,0,0,0,0,1,3
26520,100.6632,0,0,0,0,1,3
26530,58.19769,0,0,0,0,1,3
26540,52.64969,0,0,0,0,1,3
26550,57.92856,0,0,0,0,1,4
26560,32.12663,0,0,0,0,1,5
26570,58.91943,0,0,0,0,1,3
26580,27.01789,0,0,0,0,1,5
26590,39.18897,0,0,0,0,1,5
26600,37.59634,0,0,0,0,1,5
27010,112.1232,0,0,0,0,0,3
27020,70.61561,0,0,0,0,0,3
27030,109.3492,0,0,0,0,0,3
27040,113.5898,0,0,0,0,0,3
27050,16.43933,0,0,0,0,0,3
27060,46.91467,0,0,0,0,0,3
27070,33.82769,0,0,0,0,0,3
27080,40.37885,0,0,0,1,1,3
27090,57.67622,0,0,0,1,1,3
27100,44.31567,0,0,0,0,0,3
27110,39.44648,0,0,0,0,1,3
27120,48.59674,0,0,0,1,2,3
27130,64.08357,0,0,0,1,1,3
27140,72.19106,0,0,0,0,0,3
27150,69.58891,0,0,0,0,0,3
27160,801.6654,6.51,6.51,0,2,2,3
27170,98.42282,6.51,6.51,0,2,2,3
27180,25.31445,0,0,0,0,1,3
27190,63.88617,0,0,0,0,1,3
27200,63.16087,0,0,0,1,1,3
27210,37.09516,0,0,0,0,0,3
27220,38.8961,0,0,0,0,0,3
27230,64.70836,0,0,0,0,0,3
27240,96.96157,0,0,0,0,0,3
27250,90.50795,0,0,0,0,0,3
27260,33.26719,0,0,0,0,1,3
27270,35.03694,4.843637,8.67,0,1,2,3
27280,15.35924,4.89269,5.981562,0,1,2,3
27290,115.8816,0,0,0,1,1,3
27300,26.24781,0,5.902511,0,0,2,3
27310,7.627904,4.932983,10.46,1,0,1,3
27320,8.832056,4.747787,0,0,1,2,3
27330,8.603068,4.908584,5.974092,1,1,2,3
27340,7.856528,0,0,0,1,2,3
27350,22.75266,0,0,0,1,2,3
27360,19.21038,4.528781,5.662002,1,0,0,3
27370,42.57967,0,0,0,0,0,3
27380,90.74333,0,0,0,0,0,3
27390,127.1072,0,0,0,0,0,3
27400,21.52274,0,0,0,0,0,4
27410,115.0371,0,0,0,0,0,4
27420,19.97086,4.638466,0,0,1,2,3
27430,10.95626,4.654605,0,0,1,2,3
27440,18.4116,0,0,0,0,2,3
27450,15.82641,0,0,0,0,0,3
27460,30.55386,0,0,0,1,1,3
27470,34.59044,0,0,0,1,1,3
27480,65.11315,0,0,0,0,1,3
27490,68.24279,0,0,0,0,0,3
27500,20.58751,0,0,1,0,0,4
27510,70.84753,0,0,1,0,0,3
27520,97.23054,4.292822,5.416746,1,0,0,3
27530,71.48652,0,0,0,0,0,4
27540,81.66113,0,0,0,0,0,4
27550,131.2207,0,0,0,0,0,3
27560,23.46423,0,0,0,0,0,4
27570,67.89175,0,0,0,0,0,4
27580,34.11707,0,0,0,0,0,4
27590,67.53101,0,0,0,0,0,4
27600,31.38424,0,0,0,0,0,4
27610,20.32016,0,0,0,0,1,5
27620,27.90896,4.336424,5.415608,1,1,1,5
27630,18.99617,0,0,0,0,0,4
27640,46.80881,0,0,0,0,0,4
27650,86.15837,0,0,0,1,1,5
27660,423.9149,0,0,0,0,0,4
28010,37.45859,0,0,0,1,1,3
28020,18.10826,4.897652,5.971123,0,1,1,3
28030,27.24003,4.827121,6.49,0,0,0,3
28040,88.85098,0,0,0,0,0,3
28050,52.22525,7.1,6.588658,0,0,2,3
28060,69.2394,0,0,0,0,1,3
28070,64.79319,6.012438,6.570743,0,0,2,3
28080,69.5919,7.6,8.6,0,0,0,3
28090,86.90599,0,0,0,0,0,3
28100,33.90647,0,0,0,0,0,3
28110,101.0816,0,0,0,0,0,3
28120,48.58657,0,0,0,0,1,3
28130,49.38439,0,0,0,0,1,3
28140,39.9551,0,0,0,0,0,4
28150,47.44593,0,0,0,0,0,3
28160,120.2137,0,0,0,0,1,4
28170,34.73029,4.637924,5.771865,0,0,2,3
28180,36.49603,0,0,0,0,2,3
28190,73.09351,0,0,0,0,1,3
28200,226.5126,0,0,0,0,0,3
28210,46.70782,0,0,0,0,0,4
28220,65.78262,0,0,0,0,0,4
28230,90.17464,0,0,0,0,0,3
28240,17.70998,4.655003,5.770803,1,1,2,3
28250,8.492385,4.776469,5.865885,0,0,2,3
28260,61.00291,0,0,0,0,2,3
28270,99.72742,0,0,0,0,0,4
28280,72.68155,0,0,0,0,0,4
28290,34.65709,4.664971,5.764943,0,1,3,3
28300,115.9734,0,0,0,0,1,4
28310,77.33517,0,0,0,0,1,4
28320,107.6164,0,0,0,1,2,3
28330,21.42759,7.32,9.3,0,2,3,3
28340,96.91958,0,0,0,0,1,4
28350,23.8874,0,0,0,0,1,4
28360,11.76886,0,0,0,1,3,3
28370,30.35136,4.452289,5.606346,1,1,3,3
28380,21.32169,4.739304,5.813818,0,1,3,3
28390,16.81336,4.575444,5.677811,0,0,2,3
28400,80.94044,0,0,0,0,2,4
28410,13.7212,0,0,0,0,1,4
28420,11.88126,4.546868,0,0,0,1,3
28430,34.11967,0,0,0,0,2,4
28440,39.15987,5.325475,0,0,0,1,4
28450,30.01894,0,0,0,0,1,3
28460,16.39753,0,0,0,0,1,4
28470,29.09403,4.341979,0,0,1,2,4
28480,30.19159,0,0,0,0,2,4
28490,26.16056,0,0,0,0,1,4
28500,107.5653,0,0,0,0,2,3
28510,89.10276,0,0,0,0,2,3
28520,45.71008,4.33801,0,1,0,1,3
28530,32.67556,5.678231,6.283788,0,0,1,3
28540,24.0482,0,0,0,0,2,3
28550,19.01925,4.337874,0,0,1,2,4
28560,45.25632,0,0,0,0,1,4
28570,36.85883,0,0,0,1,2,4
28580,25.33967,0,0,0,0,1,4
28590,43.0069,0,0,0,0,1,3
28600,88.10822,0,0,0,0,1,3
28610,57.37233,0,0,0,0,1,3
28620,109.2951,0,0,0,0,1,3
28630,47.49299,0,0,0,1,2,3
28640,48.57401,0,0,0,0,2,4
28650,64.76999,0,0,0,1,2,3
28660,33.97878,4.292044,5.425557,1,1,2,4
28670,72.87666,0,0,0,0,0,3
28680,54.70008,0,0,0,0,0,3
28690,144.1424,0,0,0,0,0,3
28700,101.7599,0,0,0,0,0,3
28710,17.20756,0,0,0,0,0,3
28720,83.35943,0,0,0,0,0,3
28730,67.08245,0,0,0,1,1,3
28740,216.1188,0,0,0,0,0,3
28750,177.1379,0,0,0,0,0,3
29010,25.54338,0,0,0,0,0,4
29020,38.65165,0,0,1,0,0,4
29030,24.46833,0,7.44,0,0,1,4
29040,48.2969,0,0,0,0,0,3
29050,24.9971,4.119264,0,0,1,1,4
29060,16.15399,0,0,0,0,0,3
29070,42.6539,0,0,0,0,0,3
29080,23.60331,0,7.44,0,1,1,4
29090,14.7028,0,7.44,0,1,1,4
29100,85.11512,0,0,1,1,1,5
29110,21.15517,0,0,0,0,1,4
29120,13.27335,5.300784,5.932133,0,0,0,3
29130,15.302,0,0,0,0,1,4
29140,49.09201,0,0,0,0,1,4
29150,22.21443,0,0,0,0,1,4
29160,47.55297,0,0,0,0,1,4
29170,51.30713,0,0,0,0,2,4
29180,14.35821,0,5.468325,0,0,2,4
29190,24.65891,0,0,0,0,2,4
29200,58.54482,0,0,0,0,1,4
29210,33.00636,5.273696,7.44,0,0,1,4
29220,51.55853,0,0,0,0,1,4
29230,26.24525,0,0,0,1,2,4
29240,14.7148,0,5.367233,0,1,2,4
29250,37.77312,0,0,0,0,2,4
29260,35.2782,4.142361,5.256905,0,1,2,5
29270,60.71086,0,0,0,1,2,4
29280,26.78637,0,0,0,0,1,4
29290,33.37767,0,0,0,1,2,4
29300,22.42067,5.357828,0,0,1,2,4
29310,15.01618,5.845745,7.25,0,1,2,5
29320,12.35945,4.223913,5.322696,1,1,2,5
29330,31.42439,0,0,0,1,2,4
29340,39.20466,0,0,0,0,2,4
29350,22.05135,4.294453,5.381351,1,0,2,4
29360,5.880234,8.99,9.3,0,1,2,5
29370,20.27405,0,0,1,1,2,4
29380,24.74594,0,0,0,0,1,4
29390,20.91981,0,0,0,1,2,4
29400,28.72946,0,0,0,0,1,4
29410,52.55117,0,0,0,0,0,4
29420,76.33734,0,0,0,0,0,4
29430,12.87761,0,0,0,0,0,4
29440,91.15138,0,0,0,0,0,4
29450,72.65088,0,0,0,0,0,4
31010,391.6418,0,0,0,0,0,1
31020,183.534,0,0,0,0,0,4
31030,442.5608,0,0,0,0,0,1
31040,249.6599,0,0,0,0,0,1
31050,59.40138,0,0,0,0,0,1
31060,134.4319,0,0,0,0,0,4
31070,75.29192,0,0,0,0,0,4
31080,116.7026,0,0,0,0,0,3
31090,92.72229,0,0,0,0,0,3
31100,50.00534,0,0,0,0,0,3
31110,176.15,0,0,0,0,0,3
31120,122.4103,0,0,0,0,0,3
31130,95.0798,5.58,0,0,0,0,5
31140,8.484823,0,0,0,0,0,3
31150,13.27155,6.51,5.911943,0,0,0,3
31160,19.70761,0,0,0,0,0,5
31170,21.52315,0,5.254161,1,0,0,5
31180,53.49358,0,0,0,0,0,5
31190,30.05171,4.097839,5.204543,1,0,0,5
31200,19.23755,0,0,0,0,0,3
31210,89.02603,0,0,0,0,0,3
31220,33.70365,0,0,0,0,0,3
31230,79.11793,0,0,0,0,0,5
31240,47.44482,0,0,0,0,0,5
31250,41.205,0,0,0,0,0,5
32010,26.89634,0,0,0,0,0,3
32020,60.96375,0,0,0,0,0,3
32030,8.364301,3.998091,5.081346,1,1,1,3
32040,25.53002,0,0,0,1,1,3
32050,59.93882,0,0,0,0,0,3
32060,66.48634,0,0,0,0,0,3
32070,64.9202,0,0,0,0,0,3
32080,168.0237,0,0,0,0,0,3
32090,145.8544,0,0,0,0,0,3
32100,171.7711,0,0,0,0,0,3
32110,20.43983,0,0,0,0,0,2
32120,18.08417,0,0,0,0,0,3
32130,46.30721,0,0,0,0,0,2
32140,32.53526,5.35608,5.973357,1,0,0,3
32150,37.07594,0,0,0,0,0,3
32160,64.68272,0,0,0,0,0,3
32170,70.70333,0,0,0,0,0,3
32180,28.58866,0,0,0,0,0,3
32190,66.67834,0,0,0,0,0,3
32200,32.99846,0,0,0,0,0,3
32210,46.39958,0,0,0,0,1,3
32220,23.33296,0,0,0,0,0,3
32230,221.7442,0,0,0,0,0,3
32240,110.7274,0,0,0,0,0,3
32250,84.37779,0,0,0,0,0,3
32260,27.54811,0,0,0,0,0,3
32270,65.1694,0,0,0,0,0,3
32280,31.38036,0,0,0,0,0,3
32290,14.38306,0,0,0,1,1,3
32300,46.51427,0,0,0,0,0,3
32310,21.07699,0,0,0,1,1,2
32320,41.7026,0,0,0,0,0,2
32330,26.74924,0,0,0,0,0,2
32340,31.43883,0,0,0,0,0,2
32350,38.60694,0,0,0,0,0,3
32360,107.7407,0,0,0,0,0,3
32370,14.01094,0,0,0,0,1,2
32380,44.40762,0,0,0,0,0,3
32390,56.92654,0,0,0,0,0,3
32400,81.0889,0,0,0,0,0,3
32410,23.0678,0,0,0,1,1,3
32420,48.89502,0,0,0,0,0,2
32430,48.36577,0,0,0,0,0,2
32440,41.28972,0,0,0,0,0,2
32450,50.14735,0,0,0,0,0,3
32460,29.67049,0,0,0,0,0,3
32470,30.18101,0,0,0,0,0,3
32480,11.50536,0,0,0,0,0,2
32490,18.27866,0,0,0,0,0,2
32500,19.05376,0,0,0,0,0,2
32510,47.55597,0,0,0,0,0,2
32520,31.61099,0,0,0,0,0,3
32530,208.1092,0,0,0,0,0,3
32540,29.28842,0,0,0,0,0,2
32550,31.32391,0,0,0,0,0,3
32560,30.21237,0,0,0,0,0,3
32570,82.94161,0,0,0,0,0,3
32580,19.83967,0,0,0,0,0,3
32590,34.9678,0,0,0,0,0,3
32600,52.01581,0,0,0,0,0,3
32610,92.40554,0,0,0,0,0,3
32620,53.17259,0,0,0,0,0,3
32630,88.07449,0,0,0,0,0,3
32640,147.6825,0,0,0,0,0,3
33010,4830.211,0,0,0,0,0,3
33020,400.8857,0,0,0,0,0,3
33030,179.4366,0,0,0,0,0,3
33040,112.5332,0,0,0,0,0,3
33050,239.5152,0,0,0,0,0,3
33060,96.58482,0,0,0,0,0,3
33070,119.8596,0,0,0,0,0,3
33080,100.9266,0,0,0,0,0,3
33090,202.6891,0,0,0,0,0,3
33100,90.15797,0,0,0,0,0,3
33110,111.8833,0,0,0,0,0,3
33120,69.14936,0,0,0,0,0,3
33130,61.894,0,0,0,0,0,3
33140,132.3915,0,0,0,0,0,3
33150,29.57011,0,0,0,0,0,3
33160,54.00255,0,0,0,0,0,3
33170,873.3589,0,0,0,0,0,3
33180,104.2059,0,0,0,0,0,3
33190,67.48193,0,0,0,0,0,3
33200,90.2103,4.944109,5.614719,1,0,0,3
33210,67.33724,0,0,0,0,0,3
33220,76.24537,0,0,0,0,0,3
33230,100.6301,0,0,0,0,0,3
33240,106.8158,0,0,0,0,0,3
33250,17.5431,0,0,0,1,1,3
33260,117.7455,0,0,0,0,0,3
33270,56.40777,0,0,0,0,0,3
33280,72.18091,0,0,0,0,0,3
33290,33.9853,0,0,0,0,0,3
33300,63.03298,4.145536,5.193122,1,1,1,3
33310,18.34745,0,0,0,0,0,3
34010,82.00101,0,0,0,0,0,3
34020,65.67306,0,0,0,0,0,3
34030,42.33212,0,0,0,0,0,2
34040,57.1221,0,0,0,0,0,3
34050,64.75533,0,0,0,0,0,3
34060,196.2054,0,0,0,0,0,3
34070,135.3102,0,0,0,0,0,3
34080,37.66452,0,0,0,0,0,2
34090,33.9934,0,0,0,0,0,2
34100,48.20049,0,0,0,0,0,3
34110,63.55141,0,0,0,0,0,3
34120,33.14598,0,0,0,0,0,3
34130,50.15407,0,0,0,0,0,3
34140,86.75266,0,0,0,0,0,3
34150,137.876,0,0,0,0,0,3
34160,196.9325,0,0,0,0,0,3
34170,138.3337,0,0,1,0,0,3
34180,88.74761,0,0,0,0,0,3
34190,39.51613,0,0,0,0,0,3
34200,69.61412,0,0,0,0,0,3
34210,60.242,0,0,0,0,0,3
34220,135.313,0,0,0,0,0,4
34230,135.0838,0,0,0,0,0,3
34240,94.83829,0,0,0,0,0,4
34250,126.9407,0,0,0,0,0,1
34260,111.1208,0,0,0,0,0,3
34270,94.02428,5.001183,5.659981,0,0,0,4
34280,340.0855,0,0,0,0,0,3
34290,242.1929,0,0,0,0,0,1
35010,45882.62,0,0,0,0,0,1
35020,2331.248,0,0,0,0,0,1
35030,213.889,0,0,0,0,0,1
35040,309.5682,0,0,0,0,0,1
35050,599.4435,0,0,0,0,0,1
41010,731.5562,0,0,0,0,0,3
41020,23.11544,0,0,0,0,0,3
41030,1072.119,0,0,0,0,0,3
41040,1137.478,0,0,0,0,0,2
41050,57.27088,0,0,0,0,0,2
41060,86.66521,0,0,0,0,0,3
41070,48.72515,0,0,0,0,0,2
41080,80.33131,0,0,1,0,0,3
41090,82.47215,0,0,0,0,0,3
41100,65.17921,0,0,0,0,0,3
41110,106.5922,0,0,0,0,0,2
41120,61.49182,0,0,0,0,0,3
41130,58.28635,0,0,0,0,0,3
42010,14068.02,0,0,0,0,0,3
42020,213.6868,0,0,0,0,0,3
42030,697.8698,0,0,0,0,0,3
42040,1232.023,0,0,0,0,0,3
42050,2489.514,0,0,0,0,0,3
42060,123.8478,0,0,0,0,0,3
42070,53.70995,0,0,0,0,0,3
42080,15.42486,0,0,0,0,0,3
42090,81.24796,0,0,0,0,0,3
42100,239.1258,0,0,0,0,0,3
42110,520.5942,0,0,0,0,0,3
42120,58.25605,0,0,0,0,0,3
42130,113.1142,0,0,0,0,0,3
42140,88.06139,0,0,0,0,0,3
42150,92.41335,0,0,0,0,0,3
42160,33.12599,0,0,0,0,0,3
42170,43.28667,0,0,0,0,0,3
42180,133.2153,0,0,0,0,0,3
42190,33.70705,0,0,0,0,0,3
42200,30.242,0,0,0,0,0,3
42210,25.69982,0,0,0,0,0,3
42220,45.66341,0,0,0,0,0,3
42230,15.58327,0,0,0,0,0,3
42240,20.87495,0,0,0,0,0,3
42250,19.50049,0,0,0,0,0,3
42260,45.9423,0,0,1,0,0,3
42270,53.86472,0,0,0,0,0,3
42280,89.55728,0,5.462511,0,0,0,3
42290,170.9016,0,0,0,0,0,3
42300,95.08427,9.3,9.3,1,0,0,3
42310,110.5772,0,0,0,0,0,3
42320,253.5089,0,0,0,0,0,3
42330,139.2254,0,0,0,0,0,3
42340,29.23174,0,0,0,0,0,3
42350,2106.073,0,0,0,0,0,3
42360,104.0041,0,0,0,0,0,3
42370,73.12769,0,0,0,0,0,3
42380,133.0276,0,0,0,0,0,3
42390,227.811,0,0,0,0,0,3
42400,371.5351,0,0,0,0,0,3
42410,115.3745,0,0,0,0,0,3
42420,618.8716,0,0,0,0,0,3
42430,1121.43,0,0,0,0,0,3
42440,697.6997,0,0,0,0,0,3
43010,5246.451,0,0,0,0,0,3
51010,139.498,0,0,0,0,0,1
51020,972.2349,5.563642,0,1,0,0,3
51030,301.3514,5.577513,0,1,0,0,3
51040,76.32141,5.64833,0,1,0,0,3
51050,65.19751,4.473261,5.599958,1,0,1,5
51060,50.31135,0,0,0,0,0,3
51070,67.78966,0,0,0,0,0,3
51080,50.66991,0,0,0,0,0,3
51090,73.44904,0,0,0,0,0,3
51100,63.52225,0,0,0,0,0,3
51110,78.81133,5.732091,0,0,0,0,3
51120,38.1275,5.640365,0,0,0,0,3
51130,18.0998,0,0,0,0,1,5
51140,24.19923,4.529713,11.16,1,0,1,5
51150,21.64142,0,0,0,0,1,5
51160,64.68619,0,0,0,0,1,5
51170,68.64579,0,0,0,0,0,3
51180,67.13596,0,0,0,0,0,3
51190,40.71875,0,0,0,0,0,3
51200,44.2486,0,0,0,0,0,3
51210,48.91727,0,0,0,0,0,3
51220,244.486,5.487188,0,0,0,0,3
51230,40.92634,5.702299,0,0,0,0,3
51240,34.30369,4.604352,5.683588,1,0,1,5
51250,38.1385,0,0,0,0,1,5
51260,62.07521,0,0,0,0,0,3
51270,70.79666,0,0,0,0,0,3
51280,56.99179,0,0,0,0,0,3
51290,65.7637,0,0,0,0,0,3
51300,27.73049,0,0,0,0,0,3
51310,35.1142,0,0,0,0,0,3
51320,20.65852,0,0,0,0,1,5
51330,29.31203,0,0,0,0,1,5
51340,24.07651,0,0,0,0,0,3
51350,12.3056,4.65,0,0,0,1,5
51360,15.99942,4.347899,5.487897,1,0,1,5
51370,18.11965,5.516663,6.158071,0,0,1,5
51380,60.90218,0,0,0,0,0,3
51390,64.07396,0,0,0,0,0,3
51400,33.404,0,0,0,0,0,3
51410,32.61361,0,0,0,0,0,3
51420,31.97157,0,0,0,0,0,3
51430,40.44916,0,0,0,0,0,3
51440,37.4541,0,0,0,0,0,3
51450,37.5276,0,0,0,0,0,3
51460,33.91617,4.65,0,0,0,0,3
51470,20.13096,7.31,9.61,0,1,1,5
51480,10.57424,4.52816,0,0,1,1,5
51490,14.66927,4.698267,5.733396,0,1,1,5
51500,20.01034,0,0,0,0,1,5
51510,127.1294,0,0,0,0,0,3
51520,65.14667,0,0,0,0,0,3
51530,66.49237,0,0,0,0,0,3
51540,66.48994,0,0,0,0,0,3
51550,43.81838,5.48,11.97,0,1,1,3
51560,23.17203,4.679263,5.729316,0,1,1,3
51570,31.10908,5.664278,6.252497,1,0,1,5
51580,39.86464,0,0,0,1,1,3
51590,64.55757,0,0,0,0,0,3
51600,134.137,0,0,0,0,0,3
51610,70.42686,0,0,0,0,0,3
51620,114.2525,0,0,0,0,0,3
51630,59.25475,0,0,0,0,0,3
51640,65.18999,0,0,0,0,0,3
51650,64.69783,0,0,0,0,0,3
51660,64.6692,0,0,0,0,0,3
51670,43.76887,0,0,0,0,1,3
51680,21.38384,0,0,0,0,1,3
51690,33.09192,4.286134,8.37,0,0,1,3
51700,33.05894,0,0,0,0,1,3
51710,67.39911,0,0,0,0,0,3
51720,132.9743,0,0,0,0,0,3
51730,86.54813,0,0,0,0,0,3
51740,67.17322,0,0,0,0,0,3
51750,63.88073,0,0,0,0,0,3
51760,65.58791,0,0,0,0,0,3
51770,66.07343,0,0,0,0,0,3
51780,67.35712,0,0,0,0,0,3
51790,66.57571,0,0,0,0,0,3
51800,135.4715,0,0,0,0,0,3
51810,31.41687,0,0,0,0,0,3
52010,78.77171,0,0,0,0,0,3
52020,68.61857,0,0,0,0,0,3
52030,64.7142,0,0,0,0,0,3
52040,66.06466,0,0,0,0,0,3
52050,66.74334,0,0,0,0,0,3
52060,68.75266,0,0,0,0,0,3
52070,65.21334,0,0,0,0,0,3
52080,66.11383,0,0,0,0,0,3
52090,65.94833,0,0,0,0,0,3
52100,59.15802,0,0,0,0,0,3
52110,79.81451,0,0,0,0,0,3
52120,68.01194,0,0,0,0,0,3
52130,65.28561,0,0,0,0,0,3
52140,66.91862,0,0,0,0,0,3
52150,67.16597,0,0,0,0,0,3
52160,133.7139,0,0,0,0,0,3
52170,65.57449,0,0,0,0,0,3
52180,66.08434,0,0,0,0,0,3
52190,80.86927,0,0,0,0,0,4
52200,79.73125,0,0,0,0,0,4
52210,76.01885,0,0,0,0,0,3
52220,209.4631,0,0,0,0,0,4
52230,33.05193,0,0,0,0,0,4
52240,27.54002,0,0,0,0,0,4
52250,363.8192,0,0,0,0,0,3
52260,575.6552,0,0,0,0,0,3
52270,64.17947,0,0,0,0,0,3
53010,22.4517,0,0,0,0,0,3
53020,30.94449,0,0,0,0,0,3
53030,62.33786,0,0,0,0,0,3
53040,374.122,0,0,0,0,0,3
53050,25.50782,0,0,0,0,0,3
53060,1057.973,0,0,0,0,0,3
53070,15.56858,0,0,0,0,0,3
53080,29.12325,0,0,0,0,0,3
53090,47.39096,0,0,0,0,0,3
53100,340.4102,0,0,0,0,0,3
53110,51.90451,0,0,0,0,0,3
53120,46.67953,0,0,0,0,0,3
53130,451.6535,0,0,0,0,0,2
53140,77.79988,0,0,0,0,0,2
53150,210.5363,0,0,0,0,0,3
53160,150.3087,0,0,0,0,0,2
53170,109.2893,0,0,0,0,0,2
53180,287.4077,0,0,0,0,0,2
53190,111.8103,0,0,0,0,0,2
53200,112.2969,0,0,0,0,0,2
53210,381.7537,0,0,0,0,0,3
53220,79.6884,0,0,0,0,0,2
54010,293.9287,0,0,0,0,0,3
54020,155.7835,0,0,0,0,0,4
54030,141.2253,0,0,0,0,0,4
54040,249.2074,0,0,0,0,0,3
54050,204.488,0,0,0,0,0,4
54060,114.3347,0,0,0,0,0,4
54070,121.7264,0,0,0,0,0,4
54080,168.3674,0,0,0,0,0,3
54090,100.5049,0,0,0,0,0,3
54100,117.1559,0,0,0,0,0,3
54110,320.9733,0,0,0,0,0,4
54120,238.251,0,0,0,0,0,3
54130,133.4866,0,0,0,0,0,4
54140,131.5108,0,0,0,0,0,4
54150,212.0939,0,0,0,0,0,3
54160,71.67695,0,0,0,0,0,4
54170,305.6909,0,0,0,0,0,4
54180,223.6361,0,0,0,0,0,3
54190,615.824,0,0,0,0,0,3
54200,4786.808,0,0,0,0,0,3
54210,225.3371,0,0,0,0,0,3
54220,117.9477,0,0,0,0,0,3
54230,283.284,0,0,0,0,0,4
54240,93.9575,0,0,0,0,0,3
54250,286.507,0,0,0,0,0,4
54260,90.24429,0,0,0,0,0,4
54270,128.7212,0,0,0,0,0,4
54280,189.1624,0,0,0,0,0,4
54290,147.0398,0,0,0,0,0,4
54300,1177.499,0,0,0,0,0,3
54310,3077.94,0,0,0,0,0,3
54320,808.1171,0,0,0,0,0,3
54330,710.3725,0,0,0,0,0,3
54340,424.9797,0,0,0,0,0,3
54350,368.9553,0,0,0,0,0,3
54360,316.8478,0,0,0,0,0,3
54370,194.5062,0,0,0,0,0,3
54380,115.0606,0,0,0,0,0,3
54390,308.3316,0,0,0,0,0,1
54400,256.2869,0,0,0,0,0,3
54410,216.7346,0,0,0,0,0,3
54420,33.50256,9.23,5.548576,0,0,0,3
54430,227.6673,0,0,0,0,0,3
54440,186.6535,0,0,0,0,0,3
54450,138.8143,0,0,0,0,0,3
61010,122.1831,0,0,0,0,0,3
61020,58.95636,0,0,0,0,0,3
61030,90.83974,0,0,0,0,0,3
61040,67.17113,0,0,0,0,0,3
61050,115.6076,0,0,0,0,0,3
61060,46.33546,0,0,0,0,0,3
61070,93.86453,0,0,0,0,0,3
61080,100.592,0,0,0,0,0,3
61090,22.36917,3.970671,5.083009,0,0,0,3
61100,71.22379,0,0,0,0,1,3
61110,14.399,0,0,0,0,0,5
61120,51.00212,0,0,0,0,0,3
61130,63.48707,0,0,0,0,0,3
61140,60.15808,3.95717,5.070705,1,0,0,3
61150,16.94006,0,0,0,1,1,5
61160,16.4866,5.37,12.09,1,1,1,5
61170,11.20732,0,0,0,0,1,5
61180,52.32358,0,0,0,0,0,3
61190,33.73682,0,0,0,0,0,3
61200,30.78833,0,0,0,0,0,3
61210,52.04197,0,0,0,0,0,3
61220,8.783017,0,0,0,0,1,3
61230,43.82603,0,0,0,0,0,3
61240,20.30538,0,0,0,1,1,5
61250,20.0516,0,0,0,1,1,5
61260,10.33955,0,0,0,0,1,5
61270,30.18087,0,0,0,0,0,5
61280,44.03485,0,0,0,0,0,3
61290,41.26614,0,0,0,0,0,3
61300,69.60408,0,0,0,0,0,3
61310,42.41371,0,0,0,0,0,3
61320,66.02239,0,0,0,0,1,3
61330,35.99118,0,0,0,0,0,4
61340,28.89043,0,0,0,0,0,4
61350,12.67131,0,0,0,0,1,5
61360,12.83533,0,0,0,0,1,5
61370,6.923157,0,0,0,0,0,5
61380,5.786758,0,0,0,0,0,5
61390,12.66419,0,0,0,0,0,5
61400,21.76672,0,0,0,0,0,3
61410,20.9173,0,0,0,0,0,3
61420,30.98102,0,0,0,0,0,3
61430,23.83558,3.909543,0,0,1,1,5
61440,13.97076,4.925633,5.778418,1,1,1,5
61450,9.212321,0,0,0,1,1,5
61460,9.856063,0,0,0,1,1,5
61470,14.9086,0,0,0,1,1,5
61480,24.48457,0,0,0,0,0,3
61490,79.47884,0,0,0,0,0,3
61500,33.57147,0,0,0,0,0,3
61510,59.36169,0,0,0,0,0,3
61520,65.91967,0,0,0,0,0,3
61530,65.62493,0,0,0,0,0,3
61540,33.36415,0,0,0,0,0,4
61550,32.47762,0,0,0,0,0,4
61560,178.7164,0,0,0,0,0,3
61570,9.517463,0,0,0,0,0,5
61580,15.06568,5.685688,6.127669,0,1,1,5
61590,10.96758,0,0,0,1,1,5
61600,20.69947,0,0,0,1,1,5
61610,41.78263,0,0,0,0,0,3
61620,32.37249,0,0,0,0,0,3
61630,77.53429,0,0,0,0,0,3
61640,83.98814,0,0,0,0,0,3
61650,65.8019,0,0,0,0,0,3
61660,31.70635,0,0,0,0,0,5
61670,38.1764,0,0,0,0,0,5
61680,15.96592,0,0,0,1,1,5
61690,14.1255,7.91,0,0,1,1,5
61700,131.2058,0,0,0,0,0,4
61710,65.98081,0,0,0,0,0,4
61720,77.13216,0,0,0,0,0,3
61730,23.031,6.86,5.119862,1,0,0,5
61740,11.98051,0,0,0,0,0,5
61750,80.09143,0,0,0,0,0,3
61760,32.55085,0,0,0,0,0,3
61770,27.70733,5.455937,5.946258,0,0,0,4
61780,30.3446,0,0,0,0,0,4
61790,62.27418,0,0,0,0,0,3
61800,39.44068,0,0,0,0,0,3
61810,37.42616,0,0,0,0,0,3
61820,67.16331,0,0,0,0,0,4
61830,117.7359,0,0,0,0,0,4
61840,53.83659,0,0,0,0,0,3
61850,43.60782,0,0,0,0,0,3
61860,65.92635,0,0,0,0,0,3
61870,38.089,0,0,0,0,0,3
61880,64.38564,0,0,0,0,0,3
61890,65.65752,0,0,0,0,0,4
61900,59.64865,0,0,0,0,0,4
61910,85.33223,0,0,0,0,0,4
61920,47.42756,0,0,0,0,0,4
61930,24.07559,0,0,0,0,0,3
62010,92.2178,0,0,0,0,0,3
62020,46.89687,0,0,0,0,0,3
62030,42.57132,0,0,0,0,0,3
62040,64.20126,0,0,0,0,0,3
62050,66.79453,0,0,0,0,0,3
62060,96.34788,0,0,0,0,0,3
62070,105.544,0,0,0,0,0,3
62080,80.13413,0,0,0,0,0,3
62090,72.30229,0,0,0,0,0,3
62100,80.83364,0,0,0,0,0,3
62110,88.70666,0,0,0,0,0,3
62120,53.41693,0,0,0,0,0,3
62130,63.56851,0,0,0,0,0,3
62140,65.88293,0,0,0,0,0,3
62150,33.34259,0,0,0,0,0,4
62160,69.87964,0,0,0,0,0,4
62170,28.1619,0,5.607706,0,0,0,4
62180,25.06521,0,0,0,0,0,3
62190,28.25537,0,0,0,0,0,3
62200,26.87974,0,0,0,0,0,5
62210,38.06637,0,0,0,0,0,5
62220,75.57802,0,0,0,0,0,3
62230,99.85574,0,0,0,0,0,3
62240,57.49923,0,0,0,0,0,3
62250,37.88179,0,0,0,0,0,3
62260,65.37754,0,0,0,0,0,4
62270,40.79711,0,0,0,0,0,3
62280,27.84204,0,0,0,0,0,5
62290,95.75185,0,0,0,0,0,3
62300,64.5646,0,0,0,0,0,4
62310,47.94311,0,0,0,0,0,3
62320,25.19899,0,0,0,0,0,3
62330,37.78647,0,0,0,0,0,5
62340,65.85339,0,0,0,0,0,3
62350,66.37074,0,0,0,0,0,3
62360,66.9216,0,0,0,0,0,4
62370,51.30706,0,0,0,0,0,4
62380,14.72616,5.104911,5.723027,0,0,0,4
62390,66.39624,0,0,0,0,0,5
62400,32.70209,0,0,0,0,0,5
62410,33.10745,0,0,0,0,0,5
62420,25.94388,0,0,0,0,0,3
62430,29.48759,0,0,0,0,0,3
62440,73.64823,0,0,0,0,0,3
62450,81.02293,0,0,0,0,0,3
62460,65.99322,0,0,0,0,0,3
62470,11.93111,0,0,0,0,0,3
62480,67.97169,0,0,0,0,0,4
62490,67.43413,0,0,0,0,0,4
62500,67.89645,0,0,0,0,0,4
62510,66.10146,0,0,0,0,0,4
62520,45.06213,0,0,0,0,0,3
62530,38.34831,0,0,0,0,0,3
62540,40.75055,0,0,0,0,0,3
62550,52.1429,0,0,0,0,0,3
62560,36.99338,0,0,0,0,0,3
62570,41.21612,0,0,0,0,0,3
62580,67.78512,0,0,0,0,0,4
62590,65.67417,0,0,0,0,0,4
62600,64.96659,0,0,0,0,0,4
62610,31.19547,0,0,0,0,0,3
62620,32.37605,0,0,0,0,0,3
62630,57.55427,0,0,0,0,0,3
62640,58.56851,0,0,0,0,0,3
62650,93.14417,0,0,0,0,0,4
62660,35.30436,0,0,0,0,0,3
62670,32.67907,0,0,0,0,0,3
62680,40.19123,0,0,0,0,0,4
62690,33.37277,0,0,0,0,0,4
62700,33.61113,0,0,0,0,0,4
62710,41.28724,0,0,0,0,0,3
62720,62.34068,0,0,0,0,0,3
62730,66.28748,0,0,0,0,0,3
62740,66.87293,0,0,0,0,0,3
63010,142.311,0,0,0,0,0,2
63020,119.1202,0,0,0,0,0,2
63030,106.4797,0,0,0,0,0,2
63040,62.96566,0,0,0,0,0,2
63050,549.4316,0,0,0,0,0,3
63060,20.95588,4.032206,0,0,0,0,4
63070,17.94772,0,0,0,0,0,4
63080,51.94091,0,0,0,0,0,2
63090,63.75815,0,0,0,0,0,2
63100,65.96675,0,0,0,0,0,2
63110,84.47514,0,0,0,0,0,3
63120,45.01441,0,0,0,0,0,4
63130,33.44225,0,0,0,0,0,4
63140,32.58363,0,0,0,0,0,4
63150,64.9689,0,0,0,0,0,4
63160,97.8989,0,0,0,0,0,3
63170,30.58769,0,0,0,0,0,2
63180,123.4995,0,0,0,0,0,3
63190,66.86602,0,0,0,0,0,4
63200,67.41325,0,0,0,0,0,4
63210,133.2722,0,0,0,0,0,3
63220,108.1657,0,0,0,0,0,3
63230,62.67476,0,0,0,0,0,3
63240,188.6108,0,0,0,0,0,3
63250,87.68687,0,0,0,0,0,3
63260,61.42982,0,0,0,0,0,4
63270,61.52145,0,0,0,0,0,4
63280,123.2438,0,0,0,0,0,3
63290,122.1476,0,0,0,0,0,2
63300,74.62479,0,0,0,0,0,3
63310,102.0545,0,0,0,0,0,3
63320,79.78476,0,0,0,0,0,3
63330,56.46398,0,0,0,0,0,4
63340,66.60449,0,0,0,0,0,4
63350,65.66352,0,0,0,0,0,4
63360,65.7924,0,0,0,0,0,4
63370,130.7438,0,0,0,0,0,2
63380,154.2531,0,0,0,0,0,3
63390,82.31777,0,0,0,0,0,3
63400,43.6961,0,0,0,0,0,4
63410,29.65572,0,0,0,0,0,4
63420,33.62339,0,0,0,0,0,4
63430,37.10724,0,0,0,0,0,4
63440,66.21091,0,0,0,0,0,4
63450,99.74379,0,0,0,0,0,3
63460,33.30897,0,0,0,0,0,4
63470,35.27304,0,0,0,0,0,4
63480,478.3181,0,0,0,0,0,2
63490,65.84979,0,0,0,0,0,2
63500,65.98831,0,0,0,0,0,4
63510,30.33276,0,0,0,0,0,4
63520,43.49288,0,0,0,0,0,4
63530,298.5755,0,0,0,0,0,3
63540,32.91779,0,0,0,0,0,4
63550,24.60068,0,0,0,0,0,4
63560,477.0954,0,0,0,0,0,2
63570,115.9253,0,0,0,0,0,2
63580,195.9574,0,0,0,0,0,2
63590,127.6489,0,0,0,0,0,2
63600,425.4508,0,0,0,0,0,4
63610,64.92919,0,0,0,0,0,2
63620,57.18791,0,0,0,0,0,2
63630,76.19613,0,0,0,0,0,4
63640,35.95103,0,0,0,0,0,4
63650,63.15102,0,0,0,0,0,2
63660,64.4827,0,0,0,0,0,2
63670,65.57629,0,0,0,0,0,2
63680,39.58226,0,0,0,0,0,2
63690,1120.774,0,0,0,0,0,2
63700,45.18103,0,0,0,0,0,4
63710,46.22621,0,0,0,0,0,4
63720,29.7941,0,0,0,0,0,2
63730,42.16935,0,0,0,0,0,2
63740,55.32599,0,0,0,0,0,4
63750,54.54295,0,0,0,0,0,4
63760,18.82005,0,0,0,0,0,4
63770,20.08916,0,0,0,0,0,4
63780,35.94337,0,0,0,0,0,2
63790,103.4552,0,0,0,0,0,3
63800,78.80454,0,0,0,0,0,3
63810,75.42624,0,0,0,0,0,3
63820,65.62334,0,0,0,0,0,5
63830,72.19903,0,0,0,0,0,5
63840,69.98084,0,0,0,0,0,3
63850,66.29772,0,0,0,0,0,3
63860,23.88497,0,0,0,0,0,2
63870,44.976,0,0,0,0,0,2
63880,47.19664,0,0,0,0,0,3
63890,65.80664,0,0,0,0,0,3
63900,48.8862,0,0,0,0,0,3
63910,54.96173,0,0,0,0,0,3
63920,75.24182,0,0,0,0,0,3
63930,66.28384,0,0,0,0,0,2
63940,77.51781,0,0,0,0,0,5
63950,66.07155,0,0,0,0,0,5
63960,50.31739,0,0,0,0,0,3
63970,58.23537,0,0,0,0,0,3
64010,620.9474,0,0,0,0,0,2
64020,32.33474,0,0,0,0,0,3
64030,31.68166,0,0,0,0,0,3
64040,81.13895,0,0,0,0,0,3
64050,70.37551,0,0,0,0,0,3
64060,76.91106,0,0,0,0,0,3
64070,47.69154,0,0,0,0,0,3
64080,75.19783,0,0,0,0,0,3
64090,105.6211,0,0,0,0,0,3
64100,1690.912,0,0,0,0,0,3
64110,95.18639,0,0,0,0,0,4
64120,60.92035,0,0,0,0,0,2
64130,64.38667,0,0,0,0,0,3
64140,59.10781,0,0,0,0,0,4
64150,43.83955,0,0,0,0,0,4
64160,153.5928,0,0,0,0,0,3
64170,33.74493,0,0,0,0,0,4
64180,82.8652,0,0,0,0,0,3
64190,61.13186,0,0,0,0,0,4
64200,73.20118,0,0,0,0,0,4
64210,155.7594,0,0,0,0,0,4
64220,100.1021,0,0,0,0,0,3
64230,43.99939,0,0,0,0,0,4
64240,96.4241,0,0,0,0,0,3
64250,130.1084,0,0,0,0,0,3
64260,90.98884,0,0,0,0,0,3
64270,64.41388,0,0,0,0,0,3
64280,66.24074,0,0,0,0,0,3
64290,157.5328,0,0,0,0,0,3
64300,56.52217,0,0,0,0,0,3
64310,30.59698,0,0,0,0,0,3
64320,64.11668,0,0,0,0,0,3
64330,65.34348,0,0,0,0,0,3
64340,65.47795,0,0,0,0,0,3
64350,64.68036,0,0,0,0,0,3
64360,65.13398,0,0,0,0,0,3
64370,103.7401,0,0,0,0,0,3
64380,34.87662,0,0,0,0,0,3
64390,30.11331,0,0,0,0,0,3
64400,29.26306,0,0,0,0,0,3
64410,62.43143,0,0,0,0,0,3
64420,59.70351,0,0,0,0,0,3
65010,42.5444,0,0,0,0,0,4
65020,21.07431,0,0,0,0,0,4
65030,65.10988,0,0,0,0,0,3
65040,58.75149,0,0,0,0,0,5
65050,63.35386,0,0,0,0,0,3
65060,35.05234,0,0,0,0,0,3
65070,25.94466,0,0,0,0,0,3
65080,1232.917,0,0,0,0,0,3
65090,2088.586,0,0,0,0,0,3
65100,97.52572,0,0,0,0,0,3
65110,42.98813,0,0,0,0,0,2
65120,84.63423,0,0,0,0,0,2
65130,109.9502,0,0,0,0,0,2
65140,110.7461,0,0,0,0,0,3
65150,132.0566,0,0,0,0,0,3
65160,100.6559,0,0,0,0,0,3
65170,31.03822,0,0,0,0,0,2
65180,64.74108,0,0,0,0,0,2
65190,64.86265,0,0,0,0,0,2
65200,89.99052,0,0,0,0,0,3
65210,85.33809,0,0,0,0,0,2
65220,104.4074,0,0,0,0,0,2
65230,86.03307,0,0,0,0,0,2
65240,44.47783,0,0,0,0,0,4
65250,71.09112,0,0,0,0,0,2
65260,129.5388,0,0,0,0,0,3
65270,19.29554,0,0,0,0,0,4
65280,31.73242,0,0,0,0,0,2
65290,27.53395,0,0,0,0,0,2
65300,66.47655,0,0,0,0,0,2
65310,67.79068,0,0,0,0,0,2
65320,64.31487,0,0,0,0,0,2
65330,64.50718,0,0,0,0,0,2
65340,97.14941,0,0,0,0,0,3
65350,24.88101,0,0,0,0,0,4
65360,364.1961,0,0,0,0,0,3
65370,32.44579,0,0,0,0,0,4
65380,39.23769,0,0,0,0,0,4
65390,54.06106,0,0,0,0,0,4
65400,40.97287,0,0,0,0,0,2
65410,29.62707,0,0,0,0,0,2
65420,71.51443,0,0,0,0,0,2
65430,63.37192,0,0,0,0,0,2
65440,64.68047,0,0,0,0,0,2
65450,63.85628,0,0,0,0,0,2
65460,64.15472,0,0,0,0,0,2
65470,261.5301,0,0,0,0,0,3
65480,31.95713,0,0,0,0,0,4
65490,32.83043,0,0,0,0,0,4
65500,55.08433,0,0,0,0,0,4
65510,32.54691,0,0,0,0,0,3
65520,40.3082,0,0,0,0,0,2
65530,54.88088,0,0,0,0,0,2
65540,64.46265,0,0,0,0,0,2
65550,65.17086,0,0,0,0,0,2
65560,85.78321,0,0,0,0,0,2
65570,21.60147,0,0,0,0,0,3
65580,27.75882,0,0,0,0,0,3
65590,78.01633,0,0,0,0,0,2
65600,48.16178,0,0,0,0,0,3
65610,64.74593,0,0,0,0,0,3
65620,26.16708,0,0,0,0,0,3
65630,388.1422,0,0,0,0,0,2
65640,826.7266,0,0,0,0,0,3
65650,466.1329,0,0,0,0,0,3
65660,158.6894,3.623759,0,0,0,0,3
65670,34.51066,0,0,0,0,0,2
65680,65.60885,0,0,0,0,0,2
65690,30.10007,0,0,0,0,0,2
66010,76.62671,0,0,0,0,0,3
66020,97.88154,0,0,0,0,0,3
66030,40.37567,0,0,0,0,0,3
66040,24.61996,0,0,0,0,0,3
66050,31.97413,0,0,0,0,0,3
66060,32.18916,4.830357,0,0,0,0,3
66070,65.07845,0,0,0,0,0,3
66080,78.26575,0,0,0,0,0,3
66090,64.14488,0,0,0,0,0,3
67010,20.3909,0,0,0,0,0,3
67020,34.05498,0,0,0,0,0,3
67030,26.51975,0,0,0,0,0,3
67040,18.2156,0,0,0,0,0,4
67050,46.2144,0,0,0,0,0,4
67060,18.83043,0,0,0,0,0,4
67070,38.79399,0,0,0,0,0,3
67080,17.4617,0,0,0,0,0,3
67090,40.14377,0,0,0,0,0,3
67100,55.44118,4.711882,5.380684,0,0,0,4
67110,45.69423,0,0,0,0,0,4
67120,42.20447,0,0,0,0,0,4
67130,8.821087,0,0,0,0,0,4
67140,31.59358,0,0,0,0,0,4
67150,30.26546,0,0,0,0,0,4
67160,26.09639,0,0,0,0,0,4
67170,30.76311,0,0,0,0,0,4
67180,33.60659,0,0,0,0,0,4
67190,71.35251,0,0,0,0,0,3
67200,39.75434,0,0,0,0,0,3
67210,83.71278,0,0,0,0,0,3
67220,69.56265,0,0,0,0,0,3
67230,38.90012,0,0,0,0,0,3
67240,38.3489,0,0,0,0,0,3
67250,25.65409,0,0,0,0,0,3
67260,32.22842,0,0,0,0,0,3
67270,61.14299,0,0,0,0,0,3
68010,74.68002,0,0,0,0,0,3
68020,1652.977,0,0,0,0,0,3
68030,73.67858,0,0,0,0,0,3
68040,27.0232,0,0,0,0,0,3
68050,42.43418,0,0,0,0,0,3
68060,151.9242,0,0,0,0,0,3
68070,247.9533,0,0,0,0,0,3
68080,98.74503,0,0,0,0,0,3
68090,59.523,0,0,0,0,0,3
68100,69.27979,0,0,0,0,0,3
68110,302.5416,0,0,0,0,0,3
68120,156.2725,0,0,0,0,0,3
68130,193.244,0,0,0,0,0,3
68140,105.2188,0,0,0,0,0,3
68150,43.99198,0,0,0,0,0,3
68160,59.5522,0,0,0,0,0,3
68170,122.9311,0,0,0,0,0,3
68180,385.2054,0,0,0,0,0,3
68190,50.46576,0,0,0,0,0,3
68200,37.94813,0,0,0,0,0,3
68210,96.08799,0,0,0,0,0,3
68220,134.3149,0,0,0,0,0,3
68230,67.11723,0,0,0,0,0,3
68240,40.4043,0,0,0,0,0,3
68250,92.50735,0,0,0,0,0,3
68260,62.78578,0,0,0,0,0,3
68270,65.44122,0,0,0,0,0,3
68280,172.0172,0,0,0,0,0,3
68290,1051.901,0,0,0,0,0,3
68300,219.3908,0,0,0,0,0,3
68310,67.1606,0,0,0,0,0,3
68320,39.58889,0,0,0,0,0,3
68330,93.10843,0,0,0,0,0,3
68340,2345.751,0,0,0,0,0,3
68350,1552.956,0,0,0,0,0,3
68360,231.9805,0,0,0,0,0,3
68370,70.61847,0,0,0,0,0,3
68380,66.64078,0,0,0,0,0,3
68390,44.58657,0,0,0,0,0,3
68400,88.49953,0,0,0,0,0,3
68410,358.3816,0,0,0,0,0,3
68420,67.6945,0,0,0,0,0,3
68430,48.98746,0,0,0,0,0,3
68440,63.06014,0,0,0,0,0,3
68450,56.0694,0,0,0,0,0,3
68460,926.5053,0,0,0,0,0,3
68470,45.6087,0,0,0,0,0,3
68480,855.9084,0,0,0,0,0,3
68490,228.4528,0,0,0,0,0,3
68500,248.201,0,0,0,0,0,3
68510,73.9644,0,0,0,0,0,3
68520,313.7992,0,0,0,0,0,3
68530,515.2595,0,0,0,0,0,3
68540,93.90665,0,0,0,0,0,3
68550,1036.793,0,0,0,0,0,3
68560,115.5165,0,0,0,0,0,3
68570,1362.946,0,0,0,0,0,3
68580,520.5423,0,0,0,0,0,4
68590,754.7101,5.58,5.58,0,0,0,3
68600,127.5954,0,0,0,0,0,3
68610,132.1896,0,0,0,0,0,3
68620,146.3445,0,0,0,0,0,3
68630,130.0714,0,0,0,0,0,3
68640,130.1106,0,0,0,0,0,3
68650,91.67139,0,0,0,0,0,3
68660,44.71801,0,0,0,0,0,3
68670,236.3682,0,0,0,0,0,3
68680,130.4235,0,0,0,0,0,3
68690,130.4032,0,0,0,0,0,3
68700,66.74487,0,0,0,0,0,3
68710,12.29936,0,0,0,0,0,3
68720,27.19156,0,0,0,0,0,3
68730,700.5713,0,0,0,0,0,2
68740,1535.365,0,0,0,0,0,3
68750,1613.117,0,0,0,0,0,3
68760,306.7618,0,0,0,0,0,3
68770,64.68668,0,0,0,0,0,3
68780,129.7888,0,0,0,0,0,3
68790,1144.253,0,0,0,0,0,3
68800,129.71,0,0,0,0,0,2
68810,261.8399,0,0,0,0,0,3
68820,1130.585,0,0,0,0,0,3
68830,1300.686,0,0,0,0,0,3
68840,3106.02,0,0,0,0,0,3
71010,8096.713,0,0,0,0,0,1
71020,2316.406,0,0,0,0,0,1
71030,5889.74,0,0,0,0,0,1
71040,809.9467,0,0,0,0,0,1
71050,202.3752,0,0,0,0,0,1
71060,693.137,0,0,0,0,0,2
71070,854.4886,0,0,0,0,0,1
71080,575.3137,0,0,0,0,0,1
71090,325.2976,0,0,0,0,0,1
71100,889.5762,0,0,0,0,0,1
71110,773.5873,0,0,0,0,0,1
71120,322.2218,0,0,0,0,0,2
71130,297.8808,0,0,0,0,0,2
71140,199.7859,0,0,0,0,0,2
71150,121.2013,0,0,0,0,0,2
71160,69.04679,0,0,0,0,0,1
71170,286.2553,0,0,1,0,0,1
72010,38639.9,0,0,0,0,0,1
72020,65531.64,0,0,0,0,0,1
72030,1357.457,0,0,0,0,0,1
72040,26113.48,0,0,0,0,0,1
72050,5159.472,0,0,0,0,0,1
72060,2096.109,0,0,0,0,0,1
72070,5683.12,0,0,0,0,0,1
72080,6907,0,0,0,0,0,1
81010,3569.159,0,0,0,0,0,1
81020,2798.478,0,0,0,0,0,1
81030,2565.942,0,0,0,0,0,1
81040,1335.386,0,0,0,0,0,1
81050,651.2832,0,0,0,0,0,1
81060,2364.437,0,0,0,0,0,1
81070,515.555,0,0,0,0,0,1
81080,1637.537,0,0,0,0,0,1
81090,230.1232,0,0,0,0,0,1
81100,329.7996,0,0,0,0,0,1
81110,361.9281,0,0,0,0,0,1
81120,96.47419,0,0,0,0,0,1
81130,353.4438,0,0,0,0,0,1
81140,298.2168,0,0,0,0,0,2
81150,141.0932,0,0,0,0,0,1
81160,251.4666,0,0,0,0,0,1
81170,200.035,0,0,0,0,0,1
81180,277.4848,0,0,0,0,0,2
81190,312.7375,0,0,0,0,0,1
81200,269.9969,0,0,0,0,0,1
81210,33.88784,0,0,0,0,0,2
81220,133.8599,0,0,0,0,0,1
81230,133.6704,0,0,0,0,0,1
81240,148.9975,0,0,0,0,0,2
81250,54.41032,0,0,0,0,0,1
81260,43.45119,0,0,0,0,0,1
81270,92.49055,0,0,0,0,0,2
81280,63.42558,0,0,0,0,0,1
81290,79.63277,0,0,0,0,0,1
81300,128.9137,0,0,0,0,0,1
81310,547.7158,0,0,0,0,0,1
81320,61.16562,0,0,0,0,0,1
81330,143.836,0,0,0,0,0,1
81340,126.104,0,0,0,0,0,2
81350,59.99541,0,0,0,0,0,1
81360,61.29277,0,0,0,0,0,1
81370,7216.068,0,0,0,0,0,1
81380,71.14279,0,0,0,0,0,2
81390,510.6844,0,0,0,0,0,1
81400,243.4741,0,0,0,0,0,1
81410,46.67248,0,0,0,0,0,2
81420,156.4937,0,0,0,0,0,2
81430,145.4858,0,0,0,0,0,1
81440,54.40535,0,0,0,0,0,1
81450,247.172,0,0,0,0,0,1
81460,163.5208,0,0,0,0,0,2
81470,139.7352,0,0,0,0,0,2
81480,23.98475,0,0,0,0,0,2
81490,122.0969,0,0,0,0,0,1
81500,3127.647,0,0,0,0,0,1
81510,90.76341,0,0,0,0,0,1
81520,101.729,0,0,0,0,0,2
81530,155.369,0,0,0,0,0,2
81540,245.3097,0,0,0,0,0,1
81550,134.8598,0,0,0,0,0,1
81560,135.6533,0,0,0,0,0,2
81570,28.52853,0,0,0,0,0,2
81580,133.9349,0,0,0,0,0,1
81590,319.4643,0,0,0,0,0,1
81600,63.86844,0,0,0,0,0,1
81610,319.5206,0,0,0,0,0,1
81620,2303.042,0,0,0,0,0,1
81630,1924.43,0,0,0,0,0,1
81640,868.771,0,0,0,0,0,1
81650,307.6008,0,0,0,0,0,1
81660,212.3845,0,0,0,0,0,1
82010,1175.945,0,0,0,0,0,1
82020,255.5211,0,0,0,0,0,1
82030,2320.059,0,0,0,0,0,1
82040,1633.951,0,0,0,0,0,1
82050,814.543,0,0,0,0,0,1
82060,131.9921,0,0,0,0,0,1
82070,93.58507,0,0,0,0,0,1
82080,173.8666,0,0,0,0,0,1
82090,1405.164,0,0,0,0,0,1
82100,122.4719,0,0,0,0,0,1
82110,242.7709,0,0,0,0,0,1
82120,28.16901,0,0,0,0,0,1
82130,942.9121,0,0,0,0,0,1
82140,208.1377,0,0,0,0,0,1
82150,196.06,0,0,0,0,0,1
82160,4.603331,0,0,0,0,0,1
82170,125.2979,0,0,0,0,0,1
82180,372.201,0,0,0,0,0,1
82190,602.7846,0,0,0,0,0,1
82200,891.3224,0,0,0,0,0,1
82210,25.21845,0,0,0,0,0,1
82220,21.08772,0,0,0,0,0,1
82230,540.235,0,0,0,0,0,1
82240,158.2651,0,0,0,0,0,1
82250,1831.286,0,0,0,0,0,1
82260,504.8654,0,0,0,0,0,1
82270,946.782,0,0,0,0,0,1
82280,1209.397,0,0,0,0,0,1
82290,217.2162,0,0,0,0,0,1
82300,2090.231,0,0,0,0,0,1
82310,81.71555,0,0,0,0,0,1
82320,211.4655,0,0,0,0,0,1
82330,488.337,0,0,0,0,0,1
82340,198.9565,0,0,0,0,0,1
82350,3170.106,0,0,0,0,0,1
82360,127.5917,0,0,0,0,0,1
82370,151.1102,0,0,0,0,0,1
82380,697.8668,0,0,0,0,0,1
82390,102.3806,0,0,0,0,0,1
82400,509.7938,0,0,0,0,0,1
82410,1838.064,0,0,0,0,0,1
83010,3442.457,0,0,0,0,0,1
83020,161531,0,0,0,0,0,1
83030,35375.4,0,0,0,0,0,1
83040,804.87,0,0,0,0,0,1
83050,52270.68,0,0,0,0,0,1
83060,11910.96,0,0,0,0,0,1
