mat_id,mo100,mo101,mo102,mo103,mo104,mo105,mo106,mo107,mo108,mo109,mo110
mat_name,d_cbd,d_tc,d_uni,d_ubc,d_sfu,d_air,d_yvr,d_ns,d_dtes,d_fry,d_hosp
mat_desc,cbd dummy,towncentre dummy,university dummy,ubc dummy,sfu dummy,airport dummy,yvr dummy,northshore dummy,downtowneastidedummy,ferrydummy,hospitaldummy
TAZ1700,cbd,towncentre,university,ubc,sfu,airport,yvr,northshore,dtes,ferry,hospital
11010,0,0,0,0,0,0,0,1,0,0,0
11020,0,0,0,0,0,0,0,1,0,0,0
11030,0,0,0,0,0,0,0,1,0,1,0
11040,0,0,0,0,0,0,0,1,0,0,0
11050,0,0,0,0,0,0,0,1,0,0,0
11060,0,0,0,0,0,0,0,1,0,0,0
11070,0,0,0,0,0,0,0,1,0,0,0
11080,0,0,0,0,0,0,0,1,0,0,0
11090,0,0,0,0,0,0,0,1,0,0,0
11100,0,0,0,0,0,0,0,1,0,0,1
11110,0,0,0,0,0,0,0,1,0,0,0
11120,0,0,0,0,0,0,0,1,0,0,0
11130,0,0,0,0,0,0,0,1,0,0,0
11140,0,0,0,0,0,0,0,1,0,0,0
11150,0,0,0,0,0,0,0,1,0,0,0
11160,0,0,0,0,0,0,0,1,0,0,0
11170,0,0,0,0,0,0,0,1,0,0,0
11180,0,0,0,0,0,0,0,1,0,0,0
11190,0,0,0,0,0,0,0,1,0,0,0
11200,0,0,0,0,0,0,0,1,0,0,0
11210,0,0,0,0,0,0,0,1,0,0,0
11220,0,0,0,0,0,0,0,1,0,0,0
11230,0,0,0,0,0,0,0,1,0,0,0
11240,0,0,0,0,0,0,0,1,0,0,0
11250,0,1,0,0,0,0,0,1,0,0,0
11260,0,1,0,0,0,0,0,1,0,0,0
11270,0,0,0,0,0,0,0,1,0,0,0
11280,0,0,0,0,0,0,0,1,0,0,0
12010,0,0,0,0,0,0,0,1,0,0,0
12020,0,0,0,0,0,0,0,1,0,0,0
12030,0,0,0,0,0,0,0,1,0,0,0
12040,0,0,0,0,0,0,0,1,0,0,0
12050,0,0,0,0,0,0,0,1,0,0,0
12060,0,0,0,0,0,0,0,1,0,0,0
12070,0,0,0,0,0,0,0,1,0,0,0
12080,0,0,0,0,0,0,0,1,0,0,0
12090,0,0,0,0,0,0,0,1,0,0,0
12100,0,0,0,0,0,0,0,1,0,0,0
12110,0,0,0,0,0,0,0,1,0,0,0
12120,0,0,0,0,0,0,0,1,0,0,0
12130,0,0,0,0,0,0,0,1,0,0,0
12140,0,0,0,0,0,0,0,1,0,0,0
12150,0,0,0,0,0,0,0,1,0,0,0
12160,0,0,0,0,0,0,0,1,0,0,0
12170,0,1,0,0,0,0,0,1,0,0,0
12180,0,0,0,0,0,0,0,1,0,0,0
12190,0,0,0,0,0,0,0,1,0,0,0
12200,0,0,0,0,0,0,0,1,0,0,0
12210,0,0,0,0,0,0,0,1,0,0,0
12220,0,0,0,0,0,0,0,1,0,0,0
12230,0,0,0,0,0,0,0,1,0,0,0
12240,0,0,0,0,0,0,0,1,0,0,0
12250,0,0,0,0,0,0,0,1,0,0,0
12260,0,0,0,0,0,0,0,1,0,0,0
12270,0,0,0,0,0,0,0,1,0,0,0
12280,0,0,0,0,0,0,0,1,0,0,0
12290,0,0,0,0,0,0,0,1,0,0,0
12300,0,0,1,0,0,0,0,1,0,0,0
12310,0,0,0,0,0,0,0,1,0,0,0
12320,0,0,0,0,0,0,0,1,0,0,0
12330,0,0,0,0,0,0,0,1,0,0,0
12340,0,0,0,0,0,0,0,1,0,0,0
12350,0,0,0,0,0,0,0,1,0,0,0
12360,0,0,0,0,0,0,0,1,0,0,0
12370,0,0,0,0,0,0,0,1,0,0,0
12380,0,0,0,0,0,0,0,1,0,0,0
12390,0,0,0,0,0,0,0,1,0,0,0
12400,0,0,0,0,0,0,0,1,0,0,0
12410,0,0,0,0,0,0,0,1,0,0,0
12420,0,0,0,0,0,0,0,1,0,0,0
13010,0,0,0,0,0,0,0,1,0,0,0
13020,0,0,0,0,0,0,0,1,0,0,0
13030,0,0,0,0,0,0,0,1,0,0,0
13040,0,0,0,0,0,0,0,1,0,0,0
13050,0,0,0,0,0,0,0,1,0,0,0
13060,0,1,0,0,0,0,0,1,0,0,0
13070,0,1,0,0,0,0,0,1,0,0,0
13080,0,0,0,0,0,0,0,1,0,0,0
13090,0,0,0,0,0,0,0,1,0,0,0
13100,0,0,0,0,0,0,0,1,0,0,0
13110,0,0,0,0,0,0,0,1,0,0,0
13120,0,0,0,0,0,0,0,1,0,0,0
13130,0,1,0,0,0,0,0,1,0,0,0
13140,0,1,0,0,0,0,0,1,0,0,0
13150,0,0,0,0,0,0,0,1,0,0,0
13160,0,0,0,0,0,0,0,1,0,0,0
13170,0,0,0,0,0,0,0,1,0,0,0
13180,0,1,0,0,0,0,0,1,0,0,0
13190,0,1,0,0,0,0,0,1,0,0,1
13200,0,0,0,0,0,0,0,1,0,0,0
13210,0,1,0,0,0,0,0,1,0,1,0
13220,0,1,0,0,0,0,0,1,0,0,0
13230,0,1,0,0,0,0,0,1,0,0,0
13240,0,1,0,0,0,0,0,1,0,0,0
13250,0,0,0,0,0,0,0,1,0,0,0
13260,0,1,0,0,0,0,0,1,0,0,0
13270,0,0,0,0,0,0,0,1,0,0,0
13280,0,0,0,0,0,0,0,1,0,0,0
13290,0,0,0,0,0,0,0,1,0,0,0
13300,0,1,0,0,0,0,0,1,0,0,0
13310,0,0,0,0,0,0,0,1,0,0,0
13320,0,0,0,0,0,0,0,1,0,0,0
13330,0,0,0,0,0,0,0,1,0,0,0
14010,0,0,0,0,0,0,0,1,0,0,0
14020,0,0,0,0,0,0,0,1,0,0,0
14030,0,0,0,0,0,0,0,1,0,0,0
14040,0,0,0,0,0,0,0,1,0,0,0
21010,0,0,0,1,0,0,0,0,0,0,0
21020,0,0,1,1,0,0,0,0,0,0,0
21030,0,0,0,1,0,0,0,0,0,0,1
21040,0,0,1,0,0,0,0,0,0,0,0
21050,0,0,0,0,0,0,0,0,0,0,0
21060,0,0,0,1,0,0,0,0,0,0,1
21070,0,0,0,1,0,0,0,0,0,0,0
21080,0,0,0,0,0,0,0,0,0,0,0
21090,0,0,0,0,0,0,0,0,0,0,0
21100,0,0,0,1,0,0,0,0,0,0,0
21110,0,0,0,0,0,0,0,0,0,0,0
21120,0,0,1,1,0,0,0,0,0,0,0
21130,0,0,1,1,0,0,0,0,0,0,0
21140,0,0,0,0,0,0,0,0,0,0,0
21150,0,0,0,0,0,0,0,0,0,0,0
21160,0,0,0,0,0,0,0,0,0,0,0
22010,1,0,0,0,0,0,0,0,0,0,0
22020,1,0,0,0,0,0,0,0,0,0,0
22030,1,0,0,0,0,0,0,0,0,0,0
22040,1,0,0,0,0,0,0,0,0,0,0
22050,1,0,0,0,0,0,0,0,0,0,0
22060,1,0,0,0,0,0,0,0,0,0,0
22070,1,0,0,0,0,0,0,0,0,0,0
22080,1,0,0,0,0,0,0,0,0,0,0
22090,1,0,0,0,0,0,0,0,0,0,0
22100,1,0,0,0,0,0,0,0,0,0,0
22110,1,0,0,0,0,0,0,0,0,0,0
22120,1,0,0,0,0,0,0,0,0,0,0
22130,1,0,0,0,0,0,0,0,0,0,0
22140,1,0,0,0,0,0,0,0,0,0,0
22150,1,0,0,0,0,0,0,0,0,0,0
22160,1,0,0,0,0,0,0,0,0,0,0
22170,1,0,0,0,0,0,0,0,0,0,0
22180,1,0,0,0,0,0,0,0,0,0,0
22190,1,0,0,0,0,0,0,0,0,0,0
22200,1,0,0,0,0,0,0,0,0,0,0
22210,1,0,0,0,0,0,0,0,0,0,0
22220,1,0,0,0,0,0,0,0,0,0,0
22230,1,0,0,0,0,0,0,0,0,0,0
22240,1,0,0,0,0,0,0,0,0,0,0
22250,1,0,0,0,0,0,0,0,0,0,0
22260,1,0,0,0,0,0,0,0,0,0,0
22270,1,0,0,0,0,0,0,0,0,0,0
22280,1,0,0,0,0,0,0,0,0,0,0
22290,1,0,0,0,0,0,0,0,0,0,0
22300,1,0,0,0,0,0,0,0,0,0,0
22310,1,0,0,0,0,0,0,0,0,0,0
22320,1,0,0,0,0,0,0,0,0,0,0
22330,1,0,0,0,0,0,0,0,0,0,0
22340,1,0,0,0,0,0,0,0,0,0,0
22350,1,0,0,0,0,0,0,0,0,0,0
22360,1,0,0,0,0,0,0,0,0,0,0
22370,1,0,0,0,0,0,0,0,0,0,0
22380,1,0,0,0,0,0,0,0,0,0,0
22390,1,0,0,0,0,0,0,0,0,0,0
22400,1,0,0,0,0,0,0,0,0,0,0
22410,1,0,0,0,0,0,0,0,0,0,0
22420,1,0,0,0,0,0,0,0,0,0,0
22430,1,0,0,0,0,0,0,0,0,0,0
22440,1,0,0,0,0,0,0,0,0,0,0
22450,1,0,0,0,0,0,0,0,0,0,0
22460,1,0,0,0,0,0,0,0,0,0,0
22470,1,0,0,0,0,0,0,0,0,0,0
22480,1,0,0,0,0,0,0,0,1,0,0
22490,1,0,0,0,0,0,0,0,0,0,0
22500,1,0,0,0,0,0,0,0,0,0,0
22510,1,0,0,0,0,0,0,0,0,0,0
22520,1,0,0,0,0,0,0,0,0,0,0
22530,1,0,0,0,0,0,0,0,0,0,0
22540,1,0,0,0,0,0,0,0,0,0,0
22550,1,0,0,0,0,0,0,0,0,0,0
22560,1,0,0,0,0,0,0,0,0,0,0
22570,1,0,0,0,0,0,0,0,0,0,0
22580,1,0,0,0,0,0,0,0,0,0,0
22590,1,0,0,0,0,0,0,0,0,0,0
22600,1,0,0,0,0,0,0,0,0,0,0
22610,1,0,0,0,0,0,0,0,0,0,0
22620,1,0,0,0,0,0,0,0,1,0,0
22630,1,0,0,0,0,0,0,0,0,0,0
22640,1,0,0,0,0,0,0,0,0,0,0
22650,1,0,0,0,0,0,0,0,0,0,0
22660,1,0,0,0,0,0,0,0,0,0,0
22670,1,0,0,0,0,0,0,0,0,0,0
22680,1,0,0,0,0,0,0,0,0,0,0
22690,1,0,0,0,0,0,0,0,0,0,0
22700,1,0,0,0,0,0,0,0,0,0,0
22710,1,0,0,0,0,0,0,0,0,0,0
22720,1,0,0,0,0,0,0,0,0,0,0
22730,1,0,0,0,0,0,0,0,0,0,0
22740,1,0,0,0,0,0,0,0,0,0,0
22750,1,0,0,0,0,0,0,0,0,0,0
22760,1,0,0,0,0,0,0,0,0,0,0
22770,1,0,0,0,0,0,0,0,0,1,0
22780,1,0,0,0,0,0,0,0,0,0,0
22790,1,0,0,0,0,0,0,0,0,0,0
22800,1,0,0,0,0,0,0,0,0,0,0
22810,1,0,0,0,0,0,0,0,0,0,0
22820,1,0,0,0,0,0,0,0,0,0,0
22830,1,0,0,0,0,0,0,0,0,0,0
22840,1,0,0,0,0,0,0,0,0,0,0
22850,0,0,0,0,0,0,0,0,0,0,0
22860,1,0,0,0,0,0,0,0,0,0,0
22870,1,0,0,0,0,0,0,0,0,0,0
22880,1,0,0,0,0,0,0,0,0,0,0
22890,1,0,0,0,0,0,0,0,0,0,0
22900,1,0,0,0,0,0,0,0,0,0,0
22910,1,0,0,0,0,0,0,0,0,0,0
23010,0,0,0,0,0,0,0,0,0,0,0
23020,0,0,0,0,0,0,0,0,0,0,0
23030,0,0,0,0,0,0,0,0,0,0,0
23040,0,0,0,0,0,0,0,0,0,0,0
23050,0,0,0,0,0,0,0,0,0,0,0
23060,0,0,0,0,0,0,0,0,0,0,0
23070,0,0,0,0,0,0,0,0,0,0,0
23080,0,0,0,0,0,0,0,0,0,0,0
23090,0,0,0,0,0,0,0,0,0,0,0
23100,0,0,0,0,0,0,0,0,0,0,0
23110,0,0,0,0,0,0,0,0,0,0,0
23120,0,0,0,0,0,0,0,0,0,0,0
23130,0,0,0,0,0,0,0,0,0,0,0
23140,0,0,0,0,0,0,0,0,0,0,0
23150,0,0,0,0,0,0,0,0,0,0,0
23160,0,0,0,0,0,0,0,0,0,0,0
23170,0,0,0,0,0,0,0,0,0,0,0
23180,0,0,0,0,0,0,0,0,0,0,0
23190,0,0,0,0,0,0,0,0,0,0,0
23200,0,0,0,0,0,0,0,0,0,0,0
23210,0,0,0,0,0,0,0,0,0,0,0
23220,0,0,0,0,0,0,0,0,0,0,0
23230,0,0,0,0,0,0,0,0,0,0,0
23240,0,0,0,0,0,0,0,0,0,0,0
23250,0,0,0,0,0,0,0,0,0,0,0
23260,0,0,0,0,0,0,0,0,0,0,0
23270,0,0,0,0,0,0,0,0,0,0,0
23280,0,0,0,0,0,0,0,0,0,0,0
23290,0,0,0,0,0,0,0,0,0,0,0
23300,0,0,0,0,0,0,0,0,0,0,0
23310,0,0,0,0,0,0,0,0,0,0,0
23320,0,0,0,0,0,0,0,0,0,0,0
23330,0,0,0,0,0,0,0,0,0,0,0
23340,0,0,0,0,0,0,0,0,0,0,0
23350,0,0,0,0,0,0,0,0,0,0,0
23360,0,0,0,0,0,0,0,0,0,0,0
23370,0,0,0,0,0,0,0,0,0,0,1
23380,0,0,0,0,0,0,0,0,0,0,0
23390,0,0,0,0,0,0,0,0,0,0,0
23400,0,0,0,0,0,0,0,0,0,0,1
23410,0,0,0,0,0,0,0,0,0,0,0
23420,0,0,0,0,0,0,0,0,0,0,0
23430,0,0,0,0,0,0,0,0,0,0,0
23440,0,0,0,0,0,0,0,0,0,0,0
23450,0,0,0,0,0,0,0,0,0,0,0
23460,0,0,0,0,0,0,0,0,0,0,0
23470,0,0,0,0,0,0,0,0,0,0,0
23480,0,0,0,0,0,0,0,0,0,0,0
23490,0,0,0,0,0,0,0,0,0,0,0
23500,0,0,0,0,0,0,0,0,0,0,0
23510,0,0,0,0,0,0,0,0,0,0,0
23520,0,0,0,0,0,0,0,0,0,0,0
23530,0,0,0,0,0,0,0,0,0,0,0
23540,0,0,0,0,0,0,0,0,0,0,0
23550,0,0,0,0,0,0,0,0,0,0,0
23560,0,0,0,0,0,0,0,0,0,0,0
23570,0,0,0,0,0,0,0,0,0,0,0
23580,0,0,0,0,0,0,0,0,0,0,0
23590,0,0,0,0,0,0,0,0,0,0,0
23600,0,0,0,0,0,0,0,0,0,0,0
23610,0,0,0,0,0,0,0,0,0,0,0
23620,0,0,0,0,0,0,0,0,0,0,0
23630,0,0,0,0,0,0,0,0,0,0,0
23640,0,0,0,0,0,0,0,0,0,0,0
23650,0,0,0,0,0,0,0,0,0,0,0
23660,0,0,0,0,0,0,0,0,0,0,0
23670,0,0,0,0,0,0,0,0,0,0,0
23680,0,0,0,0,0,0,0,0,0,0,0
23690,0,0,0,0,0,0,0,0,0,0,0
23700,0,0,0,0,0,0,0,0,0,0,0
23710,0,0,0,0,0,0,0,0,0,0,0
23720,0,0,0,0,0,0,0,0,0,0,0
23730,0,0,0,0,0,0,0,0,0,0,0
23740,0,0,0,0,0,0,0,0,0,0,0
23750,0,0,0,0,0,0,0,0,0,0,0
23760,0,0,0,0,0,0,0,0,0,0,0
23770,0,0,0,0,0,0,0,0,0,0,0
23780,0,0,0,0,0,0,0,0,0,0,0
23790,0,0,0,0,0,0,0,0,0,0,0
23800,0,0,0,0,0,0,0,0,0,0,1
23810,0,0,0,0,0,0,0,0,0,0,0
24010,0,0,0,0,0,0,0,0,0,0,0
24020,0,0,0,0,0,0,0,0,0,0,0
24030,0,0,0,0,0,0,0,0,0,0,0
24040,0,0,0,0,0,0,0,0,0,0,0
24050,0,0,0,0,0,0,0,0,0,0,0
24060,0,0,0,0,0,0,0,0,0,0,0
24070,0,0,0,0,0,0,0,0,0,0,0
24080,0,0,0,0,0,0,0,0,0,0,0
24090,0,0,0,0,0,0,0,0,0,0,0
24100,0,0,0,0,0,0,0,0,0,0,0
24110,0,0,0,0,0,0,0,0,0,0,0
24120,0,0,0,0,0,0,0,0,0,0,0
24130,0,0,0,0,0,0,0,0,0,0,0
24140,0,0,0,0,0,0,0,0,0,0,0
24150,0,0,0,0,0,0,0,0,0,0,0
24160,0,0,0,0,0,0,0,0,0,0,0
24170,0,0,0,0,0,0,0,0,0,0,0
24180,0,0,0,0,0,0,0,0,0,0,0
24190,0,0,0,0,0,0,0,0,0,0,0
24200,0,0,0,0,0,0,0,0,0,0,0
24210,0,0,0,0,0,0,0,0,0,0,0
24220,0,1,0,0,0,0,0,0,0,0,0
24230,0,0,0,0,0,0,0,0,0,0,0
24240,0,0,0,0,0,0,0,0,0,0,0
24250,0,0,0,0,0,0,0,0,0,0,0
24260,0,0,0,0,0,0,0,0,0,0,0
24270,0,0,0,0,0,0,0,0,0,0,0
24280,0,0,0,0,0,0,0,0,0,0,0
24290,0,0,0,0,0,0,0,0,0,0,0
24300,0,0,0,0,0,0,0,0,0,0,0
24310,0,0,0,0,0,0,0,0,0,0,0
24320,0,0,1,0,0,0,0,0,0,0,0
24330,0,0,0,0,0,0,0,0,0,0,0
24340,0,0,0,0,0,0,0,0,0,0,0
24350,0,0,0,0,0,0,0,0,0,0,0
24360,0,0,0,0,0,0,0,0,0,0,0
24370,0,0,0,0,0,0,0,0,0,0,0
24380,0,0,0,0,0,0,0,0,0,0,0
24390,0,0,0,0,0,0,0,0,0,0,0
24400,0,0,0,0,0,0,0,0,0,0,0
24410,0,0,0,0,0,0,0,0,0,0,0
24420,0,0,0,0,0,0,0,0,0,0,0
24430,0,0,0,0,0,0,0,0,0,0,0
24440,0,0,0,0,0,0,0,0,0,0,0
24450,0,0,0,0,0,0,0,0,0,0,0
24460,0,0,0,0,0,0,0,0,0,0,0
24470,0,0,0,0,0,0,0,0,0,0,0
25010,0,0,0,0,0,0,0,0,0,0,0
25020,0,0,0,0,0,0,0,0,1,0,0
25030,0,0,0,0,0,0,0,0,0,0,0
25040,0,0,0,0,0,0,0,0,0,0,0
25050,0,0,0,0,0,0,0,0,0,0,0
25060,0,0,0,0,0,0,0,0,0,0,0
25070,0,0,0,0,0,0,0,0,0,0,0
25080,0,0,0,0,0,0,0,0,0,0,0
25090,0,0,0,0,0,0,0,0,1,0,0
25100,0,0,0,0,0,0,0,0,1,0,0
25110,0,0,0,0,0,0,0,0,1,0,0
25120,0,0,0,0,0,0,0,0,1,0,0
25130,0,0,0,0,0,0,0,0,1,0,0
25140,0,0,0,0,0,0,0,0,0,0,0
25150,0,0,0,0,0,0,0,0,0,0,0
25160,0,0,0,0,0,0,0,0,1,0,0
25170,0,0,0,0,0,0,0,0,1,0,0
25180,0,0,0,0,0,0,0,0,1,0,0
25190,0,0,0,0,0,0,0,0,1,0,0
25200,0,0,0,0,0,0,0,0,1,0,0
25210,0,0,0,0,0,0,0,0,1,0,0
25220,0,0,0,0,0,0,0,0,1,0,0
25230,0,0,0,0,0,0,0,0,1,0,0
25240,0,0,0,0,0,0,0,0,0,0,0
25250,0,0,0,0,0,0,0,0,0,0,0
25260,0,0,0,0,0,0,0,0,0,0,0
25270,0,0,0,0,0,0,0,0,0,0,0
25280,0,0,0,0,0,0,0,0,0,0,0
25290,0,0,0,0,0,0,0,0,0,0,0
25300,0,0,0,0,0,0,0,0,0,0,0
25310,0,0,0,0,0,0,0,0,0,0,0
25320,0,0,0,0,0,0,0,0,0,0,0
25330,0,0,0,0,0,0,0,0,0,0,0
25340,0,0,0,0,0,0,0,0,0,0,0
25350,0,0,0,0,0,0,0,0,0,0,0
25360,0,0,0,0,0,0,0,0,0,0,0
25370,0,0,0,0,0,0,0,0,0,0,0
25380,0,0,0,0,0,0,0,0,0,0,0
25390,0,0,0,0,0,0,0,0,0,0,0
25400,0,0,0,0,0,0,0,0,0,0,0
25410,0,0,0,0,0,0,0,0,0,0,0
25420,0,0,0,0,0,0,0,0,0,0,0
25430,0,0,0,0,0,0,0,0,0,0,0
25440,0,0,0,0,0,0,0,0,0,0,0
25450,0,0,0,0,0,0,0,0,0,0,0
25460,0,0,0,0,0,0,0,0,0,0,0
25470,0,0,0,0,0,0,0,0,0,0,0
25480,0,0,0,0,0,0,0,0,0,0,0
25490,0,0,1,0,0,0,0,0,0,0,0
25500,0,0,0,0,0,0,0,0,0,0,0
25510,0,0,0,0,0,0,0,0,0,0,0
25520,0,0,0,0,0,0,0,0,0,0,0
25530,0,0,0,0,0,0,0,0,0,0,0
25540,0,0,0,0,0,0,0,0,0,0,0
25550,0,0,0,0,0,0,0,0,0,0,0
25560,0,0,0,0,0,0,0,0,0,0,0
25570,0,0,0,0,0,0,0,0,0,0,0
25580,0,0,0,0,0,0,0,0,0,0,0
25590,0,0,0,0,0,0,0,0,0,0,0
25600,0,0,0,0,0,0,0,0,0,0,0
25610,0,0,0,0,0,0,0,0,0,0,0
25620,0,0,0,0,0,0,0,0,0,0,0
25630,0,0,0,0,0,0,0,0,0,0,0
25640,0,0,0,0,0,0,0,0,0,0,0
25650,0,0,0,0,0,0,0,0,0,0,0
25660,0,0,0,0,0,0,0,0,0,0,0
25670,0,0,0,0,0,0,0,0,0,0,0
25680,0,0,0,0,0,0,0,0,0,0,0
25690,0,0,0,0,0,0,0,0,0,0,0
25700,0,0,0,0,0,0,0,0,0,0,0
25710,0,0,0,0,0,0,0,0,0,0,0
25720,0,0,0,0,0,0,0,0,0,0,0
25730,0,0,0,0,0,0,0,0,0,0,0
25740,0,0,0,0,0,0,0,0,0,0,0
25750,0,0,0,0,0,0,0,0,0,0,0
25760,0,0,0,0,0,0,0,0,0,0,0
25770,0,0,0,0,0,0,0,0,0,0,0
25780,0,0,0,0,0,0,0,0,0,0,0
25790,0,0,0,0,0,0,0,0,0,0,0
25800,0,0,0,0,0,0,0,0,0,0,0
25810,0,0,0,0,0,0,0,0,0,0,0
25820,0,0,0,0,0,0,0,0,0,0,0
25830,0,0,0,0,0,0,0,0,0,0,0
25840,0,0,0,0,0,0,0,0,0,0,0
25850,0,0,0,0,0,0,0,0,0,0,0
25860,0,0,0,0,0,0,0,0,0,0,0
25870,0,0,0,0,0,0,0,0,0,0,0
25880,0,0,0,0,0,0,0,0,0,0,0
25890,0,0,0,0,0,0,0,0,0,0,0
25900,0,0,0,0,0,0,0,0,0,0,0
25910,0,0,0,0,0,0,0,0,0,0,0
25920,0,0,0,0,0,0,0,0,0,0,0
26010,0,0,0,0,0,0,0,0,0,0,0
26020,0,0,0,0,0,0,0,0,0,0,0
26030,0,0,0,0,0,0,0,0,0,0,0
26040,0,0,0,0,0,0,0,0,0,0,0
26050,0,0,0,0,0,0,0,0,0,0,0
26060,0,0,0,0,0,0,0,0,0,0,0
26070,0,0,0,0,0,0,0,0,0,0,0
26080,0,0,0,0,0,0,0,0,0,0,0
26090,0,0,0,0,0,0,0,0,0,0,0
26100,0,0,0,0,0,0,0,0,0,0,0
26110,0,0,0,0,0,0,0,0,0,0,0
26120,0,0,0,0,0,0,0,0,0,0,0
26130,0,0,0,0,0,0,0,0,0,0,0
26140,0,0,0,0,0,0,0,0,0,0,0
26150,0,0,0,0,0,0,0,0,0,0,0
26160,0,0,0,0,0,0,0,0,0,0,0
26170,0,0,0,0,0,0,0,0,0,0,0
26180,0,0,0,0,0,0,0,0,0,0,0
26190,0,0,0,0,0,0,0,0,0,0,0
26200,0,0,0,0,0,0,0,0,0,0,0
26210,0,0,0,0,0,0,0,0,0,0,0
26220,0,0,0,0,0,0,0,0,0,0,0
26230,0,0,0,0,0,0,0,0,0,0,0
26240,0,0,0,0,0,0,0,0,0,0,0
26250,0,0,0,0,0,0,0,0,0,0,0
26260,0,0,0,0,0,0,0,0,0,0,0
26270,0,0,0,0,0,0,0,0,0,0,0
26280,0,0,0,0,0,0,0,0,0,0,0
26290,0,0,0,0,0,0,0,0,0,0,0
26300,0,0,0,0,0,0,0,0,0,0,0
26310,0,0,0,0,0,0,0,0,0,0,0
26320,0,0,0,0,0,0,0,0,0,0,0
26330,0,0,0,0,0,0,0,0,0,0,0
26340,0,0,0,0,0,0,0,0,0,0,0
26350,0,0,0,0,0,0,0,0,0,0,0
26360,0,0,0,0,0,0,0,0,0,0,0
26370,0,0,0,0,0,0,0,0,0,0,0
26380,0,0,0,0,0,0,0,0,0,0,0
26390,0,0,0,0,0,0,0,0,0,0,0
26400,0,0,0,0,0,0,0,0,0,0,0
26410,0,0,0,0,0,0,0,0,0,0,0
26420,0,0,0,0,0,0,0,0,0,0,0
26430,0,0,0,0,0,0,0,0,0,0,0
26440,0,0,0,0,0,0,0,0,0,0,0
26450,0,0,0,0,0,0,0,0,0,0,0
26460,0,0,0,0,0,0,0,0,0,0,0
26470,0,0,0,0,0,0,0,0,0,0,0
26480,0,0,0,0,0,0,0,0,0,0,0
26490,0,0,0,0,0,0,0,0,0,0,0
26500,0,0,0,0,0,0,0,0,0,0,0
26510,0,0,0,0,0,0,0,0,0,0,0
26520,0,0,0,0,0,0,0,0,0,0,0
26530,0,0,0,0,0,0,0,0,0,0,0
26540,0,0,0,0,0,0,0,0,0,0,0
26550,0,0,0,0,0,0,0,0,0,0,0
26560,0,0,0,0,0,0,0,0,0,0,0
26570,0,0,0,0,0,0,0,0,0,0,0
26580,0,0,0,0,0,0,0,0,0,0,0
26590,0,0,0,0,0,0,0,0,0,0,0
26600,0,0,0,0,0,0,0,0,0,0,0
27010,0,0,0,0,0,0,0,0,0,0,0
27020,0,0,0,0,0,0,0,0,0,0,0
27030,0,0,0,0,0,0,0,0,0,0,0
27040,0,0,0,0,0,0,0,0,0,0,0
27050,0,0,0,0,0,0,0,0,0,0,0
27060,0,0,0,0,0,0,0,0,0,0,0
27070,0,0,0,0,0,0,0,0,0,0,0
27080,0,0,0,0,0,0,0,0,0,0,0
27090,0,0,0,0,0,0,0,0,0,0,0
27100,0,0,0,0,0,0,0,0,0,0,0
27110,0,0,0,0,0,0,0,0,0,0,0
27120,0,0,0,0,0,0,0,0,0,0,0
27130,0,0,0,0,0,0,0,0,0,0,0
27140,0,0,0,0,0,0,0,0,0,0,0
27150,0,0,0,0,0,0,0,0,0,0,0
27160,0,0,0,0,0,0,0,0,0,0,0
27170,0,0,1,0,1,0,0,0,0,0,0
27180,0,0,0,0,0,0,0,0,0,0,0
27190,0,0,0,0,0,0,0,0,0,0,0
27200,0,0,0,0,0,0,0,0,0,0,0
27210,0,0,0,0,0,0,0,0,0,0,0
27220,0,0,0,0,0,0,0,0,0,0,0
27230,0,0,0,0,0,0,0,0,0,0,0
27240,0,0,0,0,0,0,0,0,0,0,0
27250,0,0,0,0,0,0,0,0,0,0,0
27260,0,0,0,0,0,0,0,0,0,0,0
27270,0,1,0,0,0,0,0,0,0,0,0
27280,0,1,0,0,0,0,0,0,0,0,0
27290,0,0,0,0,0,0,0,0,0,0,0
27300,0,0,0,0,0,0,0,0,0,0,0
27310,0,1,0,0,0,0,0,0,0,0,0
27320,0,1,0,0,0,0,0,0,0,0,0
27330,0,1,0,0,0,0,0,0,0,0,0
27340,0,1,0,0,0,0,0,0,0,0,0
27350,0,1,0,0,0,0,0,0,0,0,0
27360,0,1,0,0,0,0,0,0,0,0,0
27370,0,0,0,0,0,0,0,0,0,0,0
27380,0,0,0,0,0,0,0,0,0,0,0
27390,0,0,0,0,0,0,0,0,0,0,0
27400,0,0,0,0,0,0,0,0,0,0,0
27410,0,0,0,0,0,0,0,0,0,0,0
27420,0,1,0,0,0,0,0,0,0,0,0
27430,0,1,0,0,0,0,0,0,0,0,0
27440,0,1,0,0,0,0,0,0,0,0,0
27450,0,0,0,0,0,0,0,0,0,0,0
27460,0,0,0,0,0,0,0,0,0,0,0
27470,0,0,0,0,0,0,0,0,0,0,0
27480,0,0,0,0,0,0,0,0,0,0,0
27490,0,0,0,0,0,0,0,0,0,0,0
27500,0,0,0,0,0,0,0,0,0,0,0
27510,0,0,0,0,0,0,0,0,0,0,0
27520,0,0,0,0,0,0,0,0,0,0,0
27530,0,1,0,0,0,0,0,0,0,0,0
27540,0,1,0,0,0,0,0,0,0,0,0
27550,0,0,0,0,0,0,0,0,0,0,0
27560,0,0,0,0,0,0,0,0,0,0,0
27570,0,0,0,0,0,0,0,0,0,0,0
27580,0,0,0,0,0,0,0,0,0,0,0
27590,0,0,0,0,0,0,0,0,0,0,0
27600,0,0,0,0,0,0,0,0,0,0,0
27610,0,1,0,0,0,0,0,0,0,0,0
27620,0,1,0,0,0,0,0,0,0,0,0
27630,0,0,0,0,0,0,0,0,0,0,0
27640,0,0,0,0,0,0,0,0,0,0,0
27650,0,1,0,0,0,0,0,0,0,0,0
27660,0,0,0,0,0,0,0,0,0,0,0
28010,0,0,0,0,0,0,0,0,0,0,0
28020,0,0,0,0,0,0,0,0,0,0,0
28030,0,0,0,0,0,0,0,0,0,0,0
28040,0,0,0,0,0,0,0,0,0,0,0
28050,0,0,0,0,0,0,0,0,0,0,1
28060,0,0,0,0,0,0,0,0,0,0,0
28070,0,0,0,0,0,0,0,0,0,0,1
28080,0,0,1,0,0,0,0,0,0,0,1
28090,0,0,0,0,0,0,0,0,0,0,0
28100,0,0,0,0,0,0,0,0,0,0,0
28110,0,0,0,0,0,0,0,0,0,0,0
28120,0,0,0,0,0,0,0,0,0,0,0
28130,0,0,0,0,0,0,0,0,0,0,0
28140,0,0,0,0,0,0,0,0,0,0,0
28150,0,0,0,0,0,0,0,0,0,0,0
28160,0,0,0,0,0,0,0,0,0,0,0
28170,0,1,0,0,0,0,0,0,0,0,0
28180,0,0,0,0,0,0,0,0,0,0,0
28190,0,0,0,0,0,0,0,0,0,0,0
28200,0,0,0,0,0,0,0,0,0,0,0
28210,0,0,0,0,0,0,0,0,0,0,0
28220,0,0,0,0,0,0,0,0,0,0,0
28230,0,0,0,0,0,0,0,0,0,0,0
28240,0,1,0,0,0,0,0,0,0,0,0
28250,0,1,0,0,0,0,0,0,0,0,0
28260,0,0,0,0,0,0,0,0,0,0,0
28270,0,0,0,0,0,0,0,0,0,0,0
28280,0,0,0,0,0,0,0,0,0,0,0
28290,0,1,0,0,0,0,0,0,0,0,0
28300,0,0,0,0,0,0,0,0,0,0,0
28310,0,0,0,0,0,0,0,0,0,0,0
28320,0,1,0,0,0,0,0,0,0,0,0
28330,0,1,0,0,0,0,0,0,0,0,0
28340,0,0,0,0,0,0,0,0,0,0,0
28350,0,0,0,0,0,0,0,0,0,0,0
28360,0,1,0,0,0,0,0,0,0,0,0
28370,0,1,0,0,0,0,0,0,0,0,0
28380,0,1,0,0,0,0,0,0,0,0,0
28390,0,1,0,0,0,0,0,0,0,0,0
28400,0,0,0,0,0,0,0,0,0,0,0
28410,0,0,0,0,0,0,0,0,0,0,0
28420,0,0,0,0,0,0,0,0,0,0,0
28430,0,0,0,0,0,0,0,0,0,0,0
28440,0,0,0,0,0,0,0,0,0,0,1
28450,0,0,0,0,0,0,0,0,0,0,0
28460,0,0,0,0,0,0,0,0,0,0,0
28470,0,1,0,0,0,0,0,0,0,0,0
28480,0,0,0,0,0,0,0,0,0,0,0
28490,0,0,0,0,0,0,0,0,0,0,0
28500,0,0,0,0,0,0,0,0,0,0,0
28510,0,0,0,0,0,0,0,0,0,0,0
28520,0,0,0,0,0,0,0,0,0,0,0
28530,0,0,0,0,0,0,0,0,0,0,1
28540,0,1,0,0,0,0,0,0,0,0,0
28550,0,1,0,0,0,0,0,0,0,0,0
28560,0,0,0,0,0,0,0,0,0,0,0
28570,0,1,0,0,0,0,0,0,0,0,0
28580,0,1,0,0,0,0,0,0,0,0,0
28590,0,0,0,0,0,0,0,0,0,0,0
28600,0,0,0,0,0,0,0,0,0,0,0
28610,0,0,0,0,0,0,0,0,0,0,0
28620,0,0,0,0,0,0,0,0,0,0,0
28630,0,0,0,0,0,0,0,0,0,0,0
28640,0,1,0,0,0,0,0,0,0,0,0
28650,0,1,0,0,0,0,0,0,0,0,0
28660,0,1,0,0,0,0,0,0,0,0,0
28670,0,0,0,0,0,0,0,0,0,0,0
28680,0,0,0,0,0,0,0,0,0,0,0
28690,0,0,0,0,0,0,0,0,0,0,0
28700,0,0,0,0,0,0,0,0,0,0,0
28710,0,0,0,0,0,0,0,0,0,0,0
28720,0,0,0,0,0,0,0,0,0,0,0
28730,0,0,0,0,0,0,0,0,0,0,0
28740,0,0,0,0,0,0,0,0,0,0,0
28750,0,0,0,0,0,0,0,0,0,0,0
29010,0,0,0,0,0,0,0,0,0,0,0
29020,0,0,0,0,0,0,0,0,0,0,0
29030,0,0,0,0,0,0,0,0,0,0,0
29040,0,0,0,0,0,0,0,0,0,0,0
29050,0,0,0,0,0,0,0,0,0,0,0
29060,0,0,0,0,0,0,0,0,0,0,0
29070,0,0,0,0,0,0,0,0,0,0,0
29080,0,0,0,0,0,0,0,0,0,0,0
29090,0,0,0,0,0,0,0,0,0,0,0
29100,0,0,0,0,0,0,0,0,0,0,0
29110,0,0,0,0,0,0,0,0,0,0,0
29120,0,0,0,0,0,0,0,0,0,0,0
29130,0,0,0,0,0,0,0,0,0,0,0
29140,0,0,0,0,0,0,0,0,0,0,0
29150,0,0,0,0,0,0,0,0,0,0,0
29160,0,0,0,0,0,0,0,0,0,0,0
29170,0,0,0,0,0,0,0,0,0,0,0
29180,0,0,0,0,0,0,0,0,0,0,0
29190,0,0,0,0,0,0,0,0,0,0,0
29200,0,0,0,0,0,0,0,0,0,0,0
29210,0,0,0,0,0,0,0,0,0,0,1
29220,0,0,0,0,0,0,0,0,0,0,0
29230,0,0,0,0,0,0,0,0,0,0,0
29240,0,0,0,0,0,0,0,0,0,0,0
29250,0,0,0,0,0,0,0,0,0,0,0
29260,0,1,0,0,0,0,0,0,0,0,0
29270,0,0,0,0,0,0,0,0,0,0,0
29280,0,0,0,0,0,0,0,0,0,0,0
29290,0,0,0,0,0,0,0,0,0,0,0
29300,0,0,0,0,0,0,0,0,0,0,1
29310,0,1,1,0,0,0,0,0,0,0,0
29320,0,1,0,0,0,0,0,0,0,0,0
29330,0,0,0,0,0,0,0,0,0,0,0
29340,0,0,0,0,0,0,0,0,0,0,0
29350,0,1,0,0,0,0,0,0,0,0,0
29360,0,1,0,0,0,0,0,0,0,0,0
29370,0,0,0,0,0,0,0,0,0,0,0
29380,0,1,0,0,0,0,0,0,0,0,0
29390,0,0,0,0,0,0,0,0,0,0,0
29400,0,0,0,0,0,0,0,0,0,0,0
29410,0,0,0,0,0,0,0,0,0,0,0
29420,0,0,0,0,0,0,0,0,0,0,0
29430,0,0,0,0,0,0,0,0,0,0,0
29440,0,0,0,0,0,0,0,0,0,0,0
29450,0,0,0,0,0,0,0,0,0,0,0
31010,0,0,0,0,0,0,0,0,0,0,0
31020,0,0,0,0,0,0,0,0,0,0,0
31030,0,0,0,0,0,0,0,0,0,0,0
31040,0,0,0,0,0,0,0,0,0,0,0
31050,0,0,0,0,0,0,0,0,0,0,0
31060,0,0,0,0,0,0,0,0,0,0,0
31070,0,0,0,0,0,0,0,0,0,0,0
31080,0,0,0,0,0,0,0,0,0,0,0
31090,0,0,0,0,0,0,0,0,0,0,0
31100,0,0,0,0,0,0,0,0,0,0,0
31110,0,0,0,0,0,0,0,0,0,0,0
31120,0,0,0,0,0,0,0,0,0,0,0
31130,0,0,0,0,0,0,0,0,0,0,0
31140,0,1,0,0,0,0,0,0,0,0,0
31150,0,1,0,0,0,0,0,0,0,0,1
31160,0,0,0,0,0,0,0,0,0,0,0
31170,0,0,0,0,0,0,0,0,0,0,0
31180,0,0,0,0,0,0,0,0,0,0,0
31190,0,1,0,0,0,0,0,0,0,0,0
31200,0,1,0,0,0,0,0,0,0,0,0
31210,0,0,0,0,0,0,0,0,0,0,0
31220,0,0,0,0,0,0,0,0,0,0,0
31230,0,0,0,0,0,0,0,0,0,0,0
31240,0,0,0,0,0,0,0,0,0,0,0
31250,0,0,0,0,0,0,0,0,0,0,0
32010,0,1,0,0,0,0,0,0,0,0,0
32020,0,0,0,0,0,0,0,0,0,0,0
32030,0,1,0,0,0,0,0,0,0,0,0
32040,0,1,0,0,0,0,0,0,0,0,0
32050,0,0,0,0,0,0,0,0,0,0,0
32060,0,0,0,0,0,0,0,0,0,0,0
32070,0,0,0,0,0,0,0,0,0,0,0
32080,0,0,0,0,0,0,0,0,0,0,0
32090,0,0,0,0,0,0,0,0,0,0,0
32100,0,0,0,0,0,0,0,0,0,0,0
32110,0,0,0,0,0,0,0,0,0,0,0
32120,0,0,0,0,0,0,0,0,0,0,0
32130,0,0,0,0,0,0,0,0,0,0,0
32140,0,0,0,0,0,0,0,0,0,0,1
32150,0,0,0,0,0,0,0,0,0,0,0
32160,0,0,0,0,0,0,0,0,0,0,0
32170,0,0,0,0,0,0,0,0,0,0,0
32180,0,0,0,0,0,0,0,0,0,0,1
32190,0,0,0,0,0,0,0,0,0,0,0
32200,0,0,0,0,0,0,0,0,0,0,0
32210,0,0,0,0,0,0,0,0,0,0,0
32220,0,0,0,0,0,0,0,0,0,0,0
32230,0,0,0,0,0,0,0,0,0,0,0
32240,0,0,0,0,0,0,0,0,0,0,0
32250,0,0,0,0,0,0,0,0,0,0,0
32260,0,0,0,0,0,0,0,0,0,0,0
32270,0,0,0,0,0,0,0,0,0,0,0
32280,0,0,0,0,0,0,0,0,0,0,0
32290,0,1,0,0,0,0,0,0,0,0,0
32300,0,0,0,0,0,0,0,0,0,0,0
32310,0,1,0,0,0,0,0,0,0,0,0
32320,0,0,0,0,0,0,0,0,0,0,0
32330,0,0,0,0,0,0,0,0,0,0,0
32340,0,0,0,0,0,0,0,0,0,0,0
32350,0,0,0,0,0,0,0,0,0,0,0
32360,0,0,0,0,0,0,0,0,0,0,0
32370,0,0,0,0,0,0,0,0,0,0,0
32380,0,0,0,0,0,0,0,0,0,0,0
32390,0,0,0,0,0,0,0,0,0,0,0
32400,0,0,0,0,0,0,0,0,0,0,0
32410,0,0,0,0,0,0,0,0,0,0,0
32420,0,0,0,0,0,0,0,0,0,0,0
32430,0,0,0,0,0,0,0,0,0,0,0
32440,0,0,0,0,0,0,0,0,0,0,0
32450,0,0,0,0,0,0,0,0,0,0,0
32460,0,0,0,0,0,0,0,0,0,0,0
32470,0,0,0,0,0,0,0,0,0,0,0
32480,0,0,0,0,0,0,0,0,0,0,0
32490,0,0,0,0,0,0,0,0,0,0,0
32500,0,0,0,0,0,0,0,0,0,0,0
32510,0,0,0,0,0,0,0,0,0,0,0
32520,0,0,0,0,0,0,0,0,0,0,0
32530,0,0,0,0,0,0,0,0,0,0,0
32540,0,0,0,0,0,0,0,0,0,0,0
32550,0,0,0,0,0,0,0,0,0,0,0
32560,0,0,0,0,0,0,0,0,0,0,0
32570,0,0,0,0,0,0,0,0,0,0,0
32580,0,0,0,0,0,0,0,0,0,0,0
32590,0,0,0,0,0,0,0,0,0,0,0
32600,0,0,0,0,0,0,0,0,0,0,0
32610,0,0,0,0,0,0,0,0,0,0,0
32620,0,0,0,0,0,0,0,0,0,0,0
32630,0,0,0,0,0,0,0,0,0,0,0
32640,0,0,0,0,0,0,0,0,0,0,0
33010,0,0,0,0,0,0,0,0,0,0,0
33020,0,0,0,0,0,0,0,0,0,0,0
33030,0,0,0,0,0,0,0,0,0,0,0
33040,0,0,0,0,0,0,0,0,0,0,0
33050,0,0,0,0,0,0,0,0,0,0,0
33060,0,0,0,0,0,0,0,0,0,0,0
33070,0,0,0,0,0,0,0,0,0,0,0
33080,0,0,0,0,0,0,0,0,0,0,0
33090,0,0,0,0,0,0,0,0,0,0,0
33100,0,0,0,0,0,0,0,0,0,0,0
33110,0,0,0,0,0,0,0,0,0,0,0
33120,0,0,0,0,0,0,0,0,0,0,0
33130,0,0,0,0,0,0,0,0,0,0,0
33140,0,0,0,0,0,0,0,0,0,0,0
33150,0,0,0,0,0,0,0,0,0,0,0
33160,0,0,0,0,0,0,0,0,0,0,0
33170,0,0,0,0,0,0,0,0,0,0,0
33180,0,0,0,0,0,0,0,0,0,0,0
33190,0,0,0,0,0,0,0,0,0,0,0
33200,0,1,0,0,0,0,0,0,0,0,0
33210,0,0,0,0,0,0,0,0,0,0,0
33220,0,0,0,0,0,0,0,0,0,0,0
33230,0,0,0,0,0,0,0,0,0,0,0
33240,0,0,0,0,0,0,0,0,0,0,0
33250,0,1,0,0,0,0,0,0,0,0,0
33260,0,0,0,0,0,0,0,0,0,0,0
33270,0,0,0,0,0,0,0,0,0,0,0
33280,0,1,0,0,0,0,0,0,0,0,0
33290,0,0,0,0,0,0,0,0,0,0,0
33300,0,1,0,0,0,0,0,0,0,0,0
33310,0,1,0,0,0,0,0,0,0,0,0
34010,0,0,0,0,0,0,0,0,0,0,0
34020,0,0,0,0,0,0,0,0,0,0,0
34030,0,0,0,0,0,0,0,0,0,0,0
34040,0,0,0,0,0,0,0,0,0,0,0
34050,0,0,0,0,0,0,0,0,0,0,0
34060,0,0,0,0,0,0,0,0,0,0,0
34070,0,0,0,0,0,0,0,0,0,0,0
34080,0,0,0,0,0,0,0,0,0,0,0
34090,0,0,0,0,0,0,0,0,0,0,0
34100,0,0,0,0,0,0,0,0,0,0,0
34110,0,0,0,0,0,0,0,0,0,0,0
34120,0,0,0,0,0,0,0,0,0,0,0
34130,0,1,0,0,0,0,0,0,0,0,0
34140,0,0,0,0,0,0,0,0,0,0,0
34150,0,0,0,0,0,0,0,0,0,0,0
34160,0,0,0,0,0,0,0,0,0,0,0
34170,0,0,0,0,0,0,0,0,0,0,0
34180,0,1,0,0,0,0,0,0,0,0,0
34190,0,1,0,0,0,0,0,0,0,0,0
34200,0,0,0,0,0,0,0,0,0,0,0
34210,0,0,0,0,0,0,0,0,0,0,0
34220,0,0,0,0,0,0,0,0,0,0,0
34230,0,0,0,0,0,0,0,0,0,0,0
34240,0,0,0,0,0,0,0,0,0,0,0
34250,0,0,0,0,0,0,0,0,0,0,0
34260,0,0,0,0,0,0,0,0,0,0,0
34270,0,0,0,0,0,0,0,0,0,0,0
34280,0,0,0,0,0,0,0,0,0,0,0
34290,0,0,0,0,0,0,0,0,0,0,0
35010,0,0,0,0,0,0,0,0,0,0,0
35020,0,0,0,0,0,0,0,0,0,0,0
35030,0,0,0,0,0,0,0,0,0,0,0
35040,0,0,0,0,0,0,0,0,0,0,0
35050,0,0,0,0,0,0,0,0,0,0,0
41010,0,0,0,0,0,0,0,0,0,0,0
41020,0,1,0,0,0,0,0,0,0,0,0
41030,0,0,0,0,0,0,0,0,0,0,0
41040,0,0,0,0,0,0,0,0,0,0,0
41050,0,1,0,0,0,0,0,0,0,0,0
41060,0,0,0,0,0,0,0,0,0,0,0
41070,0,1,0,0,0,0,0,0,0,0,0
41080,0,0,0,0,0,0,0,0,0,0,0
41090,0,0,0,0,0,0,0,0,0,0,0
41100,0,0,0,0,0,0,0,0,0,0,0
41110,0,0,0,0,0,0,0,0,0,0,0
41120,0,0,0,0,0,0,0,0,0,0,0
41130,0,0,0,0,0,0,0,0,0,0,0
42010,0,0,0,0,0,0,0,0,0,0,0
42020,0,0,0,0,0,0,0,0,0,0,0
42030,0,0,0,0,0,0,0,0,0,0,0
42040,0,0,0,0,0,0,0,0,0,0,0
42050,0,0,0,0,0,0,0,0,0,0,0
42060,0,0,0,0,0,0,0,0,0,0,0
42070,0,0,0,0,0,0,0,0,0,0,0
42080,0,0,0,0,0,0,0,0,0,0,0
42090,0,0,0,0,0,0,0,0,0,0,0
42100,0,0,0,0,0,0,0,0,0,0,0
42110,0,0,0,0,0,0,0,0,0,0,0
42120,0,0,0,0,0,0,0,0,0,0,0
42130,0,0,0,0,0,0,0,0,0,0,0
42140,0,0,0,0,0,0,0,0,0,0,0
42150,0,0,0,0,0,0,0,0,0,0,0
42160,0,1,0,0,0,0,0,0,0,0,0
42170,0,1,0,0,0,0,0,0,0,0,0
42180,0,0,0,0,0,0,0,0,0,0,0
42190,0,0,0,0,0,0,0,0,0,0,0
42200,0,0,0,0,0,0,0,0,0,0,0
42210,0,0,0,0,0,0,0,0,0,0,0
42220,0,0,0,0,0,0,0,0,0,0,0
42230,0,1,0,0,0,0,0,0,0,0,0
42240,0,1,0,0,0,0,0,0,0,0,0
42250,0,1,0,0,0,0,0,0,0,0,0
42260,0,0,0,0,0,0,0,0,0,0,0
42270,0,0,0,0,0,0,0,0,0,0,0
42280,0,0,0,0,0,0,0,0,0,0,0
42290,0,0,0,0,0,0,0,0,0,0,0
42300,0,0,0,0,0,0,0,0,0,0,0
42310,0,0,0,0,0,0,0,0,0,0,0
42320,0,0,0,0,0,0,0,0,0,0,0
42330,0,1,0,0,0,0,0,0,0,0,0
42340,0,0,0,0,0,0,0,0,0,0,0
42350,0,0,0,0,0,0,0,0,0,0,0
42360,0,0,0,0,0,0,0,0,0,0,0
42370,0,0,0,0,0,0,0,0,0,0,0
42380,0,0,0,0,0,0,0,0,0,0,0
42390,0,0,0,0,0,0,0,0,0,0,0
42400,0,0,0,0,0,0,0,0,0,0,0
42410,0,0,0,0,0,0,0,0,0,0,0
42420,0,0,0,0,0,0,0,0,0,0,0
42430,0,0,0,0,0,0,0,0,0,0,0
42440,0,0,0,0,0,0,0,0,0,0,0
43010,0,0,0,0,0,0,0,0,0,0,0
51010,0,0,0,0,0,0,0,0,0,0,0
51020,0,0,0,0,0,1,1,0,0,0,0
51030,0,0,0,0,0,1,1,0,0,0,0
51040,0,0,0,0,0,1,1,0,0,0,0
51050,0,1,0,0,0,0,0,0,0,0,0
51060,0,1,0,0,0,0,0,0,0,0,0
51070,0,0,0,0,0,0,0,0,0,0,0
51080,0,0,0,0,0,0,0,0,0,0,0
51090,0,0,0,0,0,0,0,0,0,0,0
51100,0,0,0,0,0,0,0,0,0,0,0
51110,0,0,0,0,0,1,1,0,0,0,0
51120,0,0,0,0,0,1,1,0,0,0,0
51130,0,1,0,0,0,0,0,0,0,0,0
51140,0,1,0,0,0,0,0,0,0,0,0
51150,0,1,0,0,0,0,0,0,0,0,0
51160,0,0,0,0,0,0,0,0,0,0,0
51170,0,0,0,0,0,0,0,0,0,0,0
51180,0,0,0,0,0,0,0,0,0,0,0
51190,0,0,0,0,0,0,0,0,0,0,0
51200,0,0,0,0,0,0,0,0,0,0,0
51210,0,0,0,0,0,0,0,0,0,0,0
51220,0,0,0,0,0,1,1,0,0,0,0
51230,0,0,0,0,0,1,1,0,0,0,0
51240,0,1,0,0,0,0,0,0,0,0,0
51250,0,1,0,0,0,0,0,0,0,0,0
51260,0,0,0,0,0,0,0,0,0,0,0
51270,0,0,0,0,0,0,0,0,0,0,0
51280,0,0,0,0,0,0,0,0,0,0,0
51290,0,0,0,0,0,0,0,0,0,0,0
51300,0,0,0,0,0,0,0,0,0,0,0
51310,0,0,0,0,0,0,0,0,0,0,0
51320,0,1,0,0,0,0,0,0,0,0,0
51330,0,1,0,0,0,0,0,0,0,0,0
51340,0,1,0,0,0,0,0,0,0,0,0
51350,0,1,0,0,0,0,0,0,0,0,0
51360,0,1,0,0,0,0,0,0,0,0,0
51370,0,1,0,0,0,0,0,0,0,0,0
51380,0,1,0,0,0,0,0,0,0,0,0
51390,0,0,0,0,0,0,0,0,0,0,0
51400,0,0,0,0,0,0,0,0,0,0,0
51410,0,0,0,0,0,0,0,0,0,0,0
51420,0,0,0,0,0,0,0,0,0,0,0
51430,0,0,0,0,0,0,0,0,0,0,0
51440,0,0,0,0,0,0,0,0,0,0,0
51450,0,0,0,0,0,0,0,0,0,0,0
51460,0,1,0,0,0,0,0,0,0,0,0
51470,0,1,0,0,0,0,0,0,0,0,0
51480,0,1,0,0,0,0,0,0,0,0,0
51490,0,1,0,0,0,0,0,0,0,0,0
51500,0,1,0,0,0,0,0,0,0,0,0
51510,0,0,0,0,0,0,0,0,0,0,0
51520,0,0,0,0,0,0,0,0,0,0,0
51530,0,0,0,0,0,0,0,0,0,0,0
51540,0,0,0,0,0,0,0,0,0,0,0
51550,0,1,0,0,0,0,0,0,0,0,0
51560,0,1,0,0,0,0,0,0,0,0,0
51570,0,1,0,0,0,0,0,0,0,0,0
51580,0,1,0,0,0,0,0,0,0,0,0
51590,0,1,0,0,0,0,0,0,0,0,0
51600,0,0,0,0,0,0,0,0,0,0,0
51610,0,0,0,0,0,0,0,0,0,0,0
51620,0,0,0,0,0,0,0,0,0,0,0
51630,0,0,0,0,0,0,0,0,0,0,0
51640,0,0,0,0,0,0,0,0,0,0,0
51650,0,0,0,0,0,0,0,0,0,0,0
51660,0,0,0,0,0,0,0,0,0,0,0
51670,0,1,0,0,0,0,0,0,0,0,0
51680,0,1,0,0,0,0,0,0,0,0,0
51690,0,1,0,0,0,0,0,0,0,0,0
51700,0,1,0,0,0,0,0,0,0,0,0
51710,0,1,0,0,0,0,0,0,0,0,0
51720,0,0,0,0,0,0,0,0,0,0,0
51730,0,0,0,0,0,0,0,0,0,0,0
51740,0,0,0,0,0,0,0,0,0,0,0
51750,0,0,0,0,0,0,0,0,0,0,0
51760,0,0,0,0,0,0,0,0,0,0,0
51770,0,0,0,0,0,0,0,0,0,0,0
51780,0,0,0,0,0,0,0,0,0,0,0
51790,0,0,0,0,0,0,0,0,0,0,0
51800,0,0,0,0,0,0,0,0,0,0,0
51810,0,0,0,0,0,0,0,0,0,0,0
52010,0,0,0,0,0,0,0,0,0,0,0
52020,0,0,0,0,0,0,0,0,0,0,0
52030,0,0,0,0,0,0,0,0,0,0,0
52040,0,0,0,0,0,0,0,0,0,0,0
52050,0,0,0,0,0,0,0,0,0,0,0
52060,0,0,0,0,0,0,0,0,0,0,0
52070,0,0,0,0,0,0,0,0,0,0,0
52080,0,0,0,0,0,0,0,0,0,0,0
52090,0,0,0,0,0,0,0,0,0,0,0
52100,0,0,0,0,0,0,0,0,0,0,0
52110,0,0,0,0,0,0,0,0,0,0,0
52120,0,0,0,0,0,0,0,0,0,0,0
52130,0,0,0,0,0,0,0,0,0,0,0
52140,0,0,0,0,0,0,0,0,0,0,0
52150,0,0,0,0,0,0,0,0,0,0,0
52160,0,0,0,0,0,0,0,0,0,0,0
52170,0,0,0,0,0,0,0,0,0,0,0
52180,0,0,0,0,0,0,0,0,0,0,0
52190,0,0,0,0,0,0,0,0,0,0,0
52200,0,0,0,0,0,0,0,0,0,0,0
52210,0,0,0,0,0,0,0,0,0,0,0
52220,0,0,0,0,0,0,0,0,0,0,0
52230,0,0,0,0,0,0,0,0,0,0,0
52240,0,0,0,0,0,0,0,0,0,0,0
52250,0,0,0,0,0,0,0,0,0,0,0
52260,0,0,0,0,0,0,0,0,0,0,0
52270,0,0,0,0,0,0,0,0,0,0,0
53010,0,0,0,0,0,0,0,0,0,0,0
53020,0,0,0,0,0,0,0,0,0,0,0
53030,0,0,0,0,0,0,0,0,0,0,0
53040,0,0,0,0,0,0,0,0,0,0,0
53050,0,0,0,0,0,0,0,0,0,0,0
53060,0,0,0,0,0,0,0,0,0,0,0
53070,0,0,0,0,0,0,0,0,0,0,0
53080,0,0,0,0,0,0,0,0,0,0,0
53090,0,0,0,0,0,0,0,0,0,0,0
53100,0,0,0,0,0,0,0,0,0,0,0
53110,0,0,0,0,0,0,0,0,0,0,0
53120,0,0,0,0,0,0,0,0,0,0,0
53130,0,0,0,0,0,0,0,0,0,0,0
53140,0,0,0,0,0,0,0,0,0,0,0
53150,0,0,0,0,0,0,0,0,0,0,0
53160,0,0,0,0,0,0,0,0,0,0,0
53170,0,0,0,0,0,0,0,0,0,0,0
53180,0,0,0,0,0,0,0,0,0,0,0
53190,0,0,0,0,0,0,0,0,0,0,0
53200,0,0,0,0,0,0,0,0,0,0,0
53210,0,0,0,0,0,0,0,0,0,0,0
53220,0,0,0,0,0,0,0,0,0,0,0
54010,0,0,0,0,0,0,0,0,0,0,0
54020,0,0,0,0,0,0,0,0,0,0,0
54030,0,0,0,0,0,0,0,0,0,0,0
54040,0,0,0,0,0,0,0,0,0,0,0
54050,0,0,0,0,0,0,0,0,0,0,0
54060,0,0,0,0,0,0,0,0,0,0,0
54070,0,0,0,0,0,0,0,0,0,0,0
54080,0,0,0,0,0,0,0,0,0,0,0
54090,0,0,0,0,0,0,0,0,0,0,0
54100,0,0,0,0,0,0,0,0,0,0,0
54110,0,0,0,0,0,0,0,0,0,0,0
54120,0,0,0,0,0,0,0,0,0,0,0
54130,0,0,0,0,0,0,0,0,0,0,0
54140,0,0,0,0,0,0,0,0,0,0,0
54150,0,0,0,0,0,0,0,0,0,0,0
54160,0,0,0,0,0,0,0,0,0,0,0
54170,0,0,0,0,0,0,0,0,0,0,0
54180,0,0,0,0,0,0,0,0,0,0,0
54190,0,0,0,0,0,0,0,0,0,0,0
54200,0,0,0,0,0,0,0,0,0,0,0
54210,0,0,0,0,0,0,0,0,0,0,0
54220,0,0,0,0,0,0,0,0,0,0,0
54230,0,0,0,0,0,0,0,0,0,0,0
54240,0,0,0,0,0,0,0,0,0,0,0
54250,0,0,0,0,0,0,0,0,0,0,0
54260,0,0,0,0,0,0,0,0,0,0,0
54270,0,0,0,0,0,0,0,0,0,0,0
54280,0,0,0,0,0,0,0,0,0,0,0
54290,0,0,0,0,0,0,0,0,0,0,0
54300,0,0,0,0,0,0,0,0,0,0,0
54310,0,0,0,0,0,0,0,0,0,0,0
54320,0,0,0,0,0,0,0,0,0,0,0
54330,0,0,0,0,0,0,0,0,0,0,0
54340,0,0,0,0,0,0,0,0,0,0,0
54350,0,0,0,0,0,0,0,0,0,0,0
54360,0,0,0,0,0,0,0,0,0,0,0
54370,0,0,0,0,0,0,0,0,0,0,0
54380,0,0,0,0,0,0,0,0,0,0,0
54390,0,0,0,0,0,0,0,0,0,0,0
54400,0,0,0,0,0,0,0,0,0,0,0
54410,0,0,0,0,0,0,0,0,0,0,0
54420,0,0,0,0,0,0,0,0,0,1,0
54430,0,0,0,0,0,0,0,0,0,0,0
54440,0,0,0,0,0,0,0,0,0,0,0
54450,0,0,0,0,0,0,0,0,0,0,0
61010,0,0,0,0,0,0,0,0,0,0,0
61020,0,0,0,0,0,0,0,0,0,0,0
61030,0,0,0,0,0,0,0,0,0,0,0
61040,0,0,0,0,0,0,0,0,0,0,0
61050,0,0,0,0,0,0,0,0,0,0,0
61060,0,0,0,0,0,0,0,0,0,0,0
61070,0,0,0,0,0,0,0,0,0,0,0
61080,0,0,0,0,0,0,0,0,0,0,0
61090,0,0,0,0,0,0,0,0,0,0,0
61100,0,0,0,0,0,0,0,0,0,0,0
61110,0,0,0,0,0,0,0,0,0,0,0
61120,0,0,0,0,0,0,0,0,0,0,0
61130,0,0,0,0,0,0,0,0,0,0,0
61140,0,0,0,0,0,0,0,0,0,0,0
61150,0,1,0,0,0,0,0,0,0,0,0
61160,0,1,0,0,0,0,0,0,0,0,0
61170,0,1,0,0,0,0,0,0,0,0,0
61180,0,0,0,0,0,0,0,0,0,0,0
61190,0,0,0,0,0,0,0,0,0,0,0
61200,0,0,0,0,0,0,0,0,0,0,0
61210,0,0,0,0,0,0,0,0,0,0,0
61220,0,1,0,0,0,0,0,0,0,0,0
61230,0,0,0,0,0,0,0,0,0,0,0
61240,0,1,0,0,0,0,0,0,0,0,0
61250,0,1,0,0,0,0,0,0,0,0,0
61260,0,1,0,0,0,0,0,0,0,0,0
61270,0,1,0,0,0,0,0,0,0,0,0
61280,0,0,0,0,0,0,0,0,0,0,0
61290,0,0,0,0,0,0,0,0,0,0,0
61300,0,0,0,0,0,0,0,0,0,0,0
61310,0,0,0,0,0,0,0,0,0,0,0
61320,0,0,0,0,0,0,0,0,0,0,0
61330,0,1,0,0,0,0,0,0,0,0,0
61340,0,1,0,0,0,0,0,0,0,0,0
61350,0,1,0,0,0,0,0,0,0,0,0
61360,0,1,0,0,0,0,0,0,0,0,0
61370,0,1,0,0,0,0,0,0,0,0,0
61380,0,1,0,0,0,0,0,0,0,0,0
61390,0,1,0,0,0,0,0,0,0,0,0
61400,0,0,0,0,0,0,0,0,0,0,0
61410,0,0,0,0,0,0,0,0,0,0,0
61420,0,0,0,0,0,0,0,0,0,0,0
61430,0,1,0,0,0,0,0,0,0,0,0
61440,0,1,0,0,0,0,0,0,0,0,0
61450,0,1,0,0,0,0,0,0,0,0,0
61460,0,1,0,0,0,0,0,0,0,0,0
61470,0,1,0,0,0,0,0,0,0,0,0
61480,0,0,0,0,0,0,0,0,0,0,0
61490,0,0,0,0,0,0,0,0,0,0,0
61500,0,0,0,0,0,0,0,0,0,0,0
61510,0,0,0,0,0,0,0,0,0,0,0
61520,0,0,0,0,0,0,0,0,0,0,0
61530,0,0,0,0,0,0,0,0,0,0,0
61540,0,1,0,0,0,0,0,0,0,0,0
61550,0,1,0,0,0,0,0,0,0,0,0
61560,0,0,0,0,0,0,0,0,0,0,0
61570,0,1,0,0,0,0,0,0,0,0,0
61580,0,1,0,0,0,0,0,0,0,0,0
61590,0,1,0,0,0,0,0,0,0,0,0
61600,0,1,0,0,0,0,0,0,0,0,0
61610,0,0,0,0,0,0,0,0,0,0,0
61620,0,0,0,0,0,0,0,0,0,0,0
61630,0,0,0,0,0,0,0,0,0,0,0
61640,0,0,0,0,0,0,0,0,0,0,0
61650,0,0,0,0,0,0,0,0,0,0,0
61660,0,0,0,0,0,0,0,0,0,0,0
61670,0,1,0,0,0,0,0,0,0,0,0
61680,0,1,0,0,0,0,0,0,0,0,0
61690,0,1,0,0,0,0,0,0,0,0,0
61700,0,0,0,0,0,0,0,0,0,0,0
61710,0,0,0,0,0,0,0,0,0,0,0
61720,0,0,0,0,0,0,0,0,0,0,0
61730,0,1,0,0,0,0,0,0,0,0,0
61740,0,1,0,0,0,0,0,0,0,0,0
61750,0,0,0,0,0,0,0,0,0,0,0
61760,0,0,0,0,0,0,0,0,0,0,0
61770,0,1,0,0,0,0,0,0,0,0,1
61780,0,0,0,0,0,0,0,0,0,0,0
61790,0,0,0,0,0,0,0,0,0,0,0
61800,0,0,0,0,0,0,0,0,0,0,0
61810,0,0,0,0,0,0,0,0,0,0,0
61820,0,0,0,0,0,0,0,0,0,0,0
61830,0,0,0,0,0,0,0,0,0,0,0
61840,0,0,0,0,0,0,0,0,0,0,0
61850,0,0,0,0,0,0,0,0,0,0,0
61860,0,0,0,0,0,0,0,0,0,0,0
61870,0,0,0,0,0,0,0,0,0,0,0
61880,0,0,0,0,0,0,0,0,0,0,0
61890,0,0,0,0,0,0,0,0,0,0,0
61900,0,0,0,0,0,0,0,0,0,0,0
61910,0,0,0,0,0,0,0,0,0,0,0
61920,0,0,0,0,0,0,0,0,0,0,0
61930,0,0,0,0,0,0,0,0,0,0,0
62010,0,0,0,0,0,0,0,0,0,0,0
62020,0,0,0,0,0,0,0,0,0,0,0
62030,0,0,0,0,0,0,0,0,0,0,0
62040,0,0,0,0,0,0,0,0,0,0,0
62050,0,0,0,0,0,0,0,0,0,0,0
62060,0,0,0,0,0,0,0,0,0,0,0
62070,0,0,0,0,0,0,0,0,0,0,0
62080,0,0,0,0,0,0,0,0,0,0,0
62090,0,0,0,0,0,0,0,0,0,0,0
62100,0,0,0,0,0,0,0,0,0,0,0
62110,0,0,0,0,0,0,0,0,0,0,0
62120,0,0,0,0,0,0,0,0,0,0,0
62130,0,0,0,0,0,0,0,0,0,0,0
62140,0,0,0,0,0,0,0,0,0,0,0
62150,0,0,0,0,0,0,0,0,0,0,0
62160,0,0,0,0,0,0,0,0,0,0,0
62170,0,0,0,0,0,0,0,0,0,0,0
62180,0,0,0,0,0,0,0,0,0,0,0
62190,0,0,0,0,0,0,0,0,0,0,0
62200,0,0,0,0,0,0,0,0,0,0,0
62210,0,0,0,0,0,0,0,0,0,0,0
62220,0,0,0,0,0,0,0,0,0,0,0
62230,0,0,0,0,0,0,0,0,0,0,0
62240,0,0,0,0,0,0,0,0,0,0,0
62250,0,0,0,0,0,0,0,0,0,0,0
62260,0,0,0,0,0,0,0,0,0,0,0
62270,0,0,0,0,0,0,0,0,0,0,0
62280,0,0,0,0,0,0,0,0,0,0,0
62290,0,0,0,0,0,0,0,0,0,0,0
62300,0,0,0,0,0,0,0,0,0,0,0
62310,0,0,0,0,0,0,0,0,0,0,0
62320,0,0,0,0,0,0,0,0,0,0,0
62330,0,1,0,0,0,0,0,0,0,0,0
62340,0,0,0,0,0,0,0,0,0,0,0
62350,0,0,0,0,0,0,0,0,0,0,0
62360,0,0,0,0,0,0,0,0,0,0,0
62370,0,0,0,0,0,0,0,0,0,0,0
62380,0,0,1,0,0,0,0,0,0,0,0
62390,0,0,0,0,0,0,0,0,0,0,0
62400,0,0,0,0,0,0,0,0,0,0,0
62410,0,1,0,0,0,0,0,0,0,0,0
62420,0,1,0,0,0,0,0,0,0,0,0
62430,0,0,0,0,0,0,0,0,0,0,0
62440,0,0,0,0,0,0,0,0,0,0,0
62450,0,0,0,0,0,0,0,0,0,0,0
62460,0,0,0,0,0,0,0,0,0,0,0
62470,0,1,0,0,0,0,0,0,0,0,0
62480,0,0,0,0,0,0,0,0,0,0,0
62490,0,0,0,0,0,0,0,0,0,0,0
62500,0,0,0,0,0,0,0,0,0,0,0
62510,0,0,0,0,0,0,0,0,0,0,0
62520,0,0,0,0,0,0,0,0,0,0,0
62530,0,0,0,0,0,0,0,0,0,0,0
62540,0,0,0,0,0,0,0,0,0,0,0
62550,0,0,0,0,0,0,0,0,0,0,0
62560,0,0,0,0,0,0,0,0,0,0,0
62570,0,0,0,0,0,0,0,0,0,0,0
62580,0,0,0,0,0,0,0,0,0,0,0
62590,0,0,0,0,0,0,0,0,0,0,0
62600,0,0,0,0,0,0,0,0,0,0,0
62610,0,0,0,0,0,0,0,0,0,0,0
62620,0,0,0,0,0,0,0,0,0,0,0
62630,0,0,0,0,0,0,0,0,0,0,0
62640,0,0,0,0,0,0,0,0,0,0,0
62650,0,0,0,0,0,0,0,0,0,0,0
62660,0,0,0,0,0,0,0,0,0,0,0
62670,0,0,0,0,0,0,0,0,0,0,0
62680,0,0,0,0,0,0,0,0,0,0,0
62690,0,0,0,0,0,0,0,0,0,0,0
62700,0,0,0,0,0,0,0,0,0,0,0
62710,0,0,0,0,0,0,0,0,0,0,0
62720,0,0,0,0,0,0,0,0,0,0,0
62730,0,0,0,0,0,0,0,0,0,0,0
62740,0,0,0,0,0,0,0,0,0,0,0
63010,0,0,0,0,0,0,0,0,0,0,0
63020,0,0,0,0,0,0,0,0,0,0,0
63030,0,0,0,0,0,0,0,0,0,0,0
63040,0,0,0,0,0,0,0,0,0,0,0
63050,0,0,0,0,0,0,0,0,0,0,0
63060,0,1,0,0,0,0,0,0,0,0,0
63070,0,0,0,0,0,0,0,0,0,0,0
63080,0,0,0,0,0,0,0,0,0,0,1
63090,0,0,0,0,0,0,0,0,0,0,0
63100,0,0,0,0,0,0,0,0,0,0,0
63110,0,0,0,0,0,0,0,0,0,0,0
63120,0,0,0,0,0,0,0,0,0,0,0
63130,0,1,0,0,0,0,0,0,0,0,0
63140,0,0,0,0,0,0,0,0,0,0,0
63150,0,0,0,0,0,0,0,0,0,0,0
63160,0,0,0,0,0,0,0,0,0,0,0
63170,0,0,0,0,0,0,0,0,0,0,0
63180,0,0,0,0,0,0,0,0,0,0,0
63190,0,0,0,0,0,0,0,0,0,0,0
63200,0,0,0,0,0,0,0,0,0,0,0
63210,0,0,0,0,0,0,0,0,0,0,0
63220,0,0,0,0,0,0,0,0,0,0,0
63230,0,0,0,0,0,0,0,0,0,0,0
63240,0,0,0,0,0,0,0,0,0,0,0
63250,0,0,0,0,0,0,0,0,0,0,0
63260,0,0,0,0,0,0,0,0,0,0,0
63270,0,0,0,0,0,0,0,0,0,0,0
63280,0,0,0,0,0,0,0,0,0,0,0
63290,0,0,0,0,0,0,0,0,0,0,0
63300,0,0,0,0,0,0,0,0,0,0,0
63310,0,0,0,0,0,0,0,0,0,0,0
63320,0,0,0,0,0,0,0,0,0,0,0
63330,0,0,0,0,0,0,0,0,0,0,0
63340,0,0,0,0,0,0,0,0,0,0,0
63350,0,0,0,0,0,0,0,0,0,0,0
63360,0,0,0,0,0,0,0,0,0,0,0
63370,0,0,0,0,0,0,0,0,0,0,0
63380,0,0,0,0,0,0,0,0,0,0,0
63390,0,0,0,0,0,0,0,0,0,0,0
63400,0,0,0,0,0,0,0,0,0,0,0
63410,0,1,0,0,0,0,0,0,0,0,0
63420,0,1,0,0,0,0,0,0,0,0,0
63430,0,0,0,0,0,0,0,0,0,0,0
63440,0,0,0,0,0,0,0,0,0,0,0
63450,0,0,0,0,0,0,0,0,0,0,0
63460,0,0,0,0,0,0,0,0,0,0,0
63470,0,1,0,0,0,0,0,0,0,0,0
63480,0,0,0,0,0,0,0,0,0,0,0
63490,0,0,0,0,0,0,0,0,0,0,0
63500,0,0,0,0,0,0,0,0,0,0,0
63510,0,1,0,0,0,0,0,0,0,0,0
63520,0,1,0,0,0,0,0,0,0,0,0
63530,0,0,0,0,0,0,0,0,0,0,0
63540,0,0,0,0,0,0,0,0,0,0,0
63550,0,1,0,0,0,0,0,0,0,0,0
63560,0,0,0,0,0,0,0,0,0,0,0
63570,0,0,0,0,0,0,0,0,0,0,0
63580,0,0,0,0,0,0,0,0,0,0,0
63590,0,0,0,0,0,0,0,0,0,0,0
63600,0,0,0,0,0,0,0,0,0,0,0
63610,0,0,0,0,0,0,0,0,0,0,0
63620,0,0,0,0,0,0,0,0,0,0,0
63630,0,0,0,0,0,0,0,0,0,0,0
63640,0,0,0,0,0,0,0,0,0,0,0
63650,0,0,0,0,0,0,0,0,0,0,0
63660,0,0,0,0,0,0,0,0,0,0,0
63670,0,0,0,0,0,0,0,0,0,0,0
63680,0,0,0,0,0,0,0,0,0,0,0
63690,0,0,0,0,0,0,0,0,0,0,0
63700,0,0,0,0,0,0,0,0,0,0,0
63710,0,0,0,0,0,0,0,0,0,0,0
63720,0,0,0,0,0,0,0,0,0,0,0
63730,0,0,0,0,0,0,0,0,0,0,0
63740,0,0,0,0,0,0,0,0,0,0,0
63750,0,0,0,0,0,0,0,0,0,0,0
63760,0,0,0,0,0,0,0,0,0,0,0
63770,0,0,0,0,0,0,0,0,0,0,0
63780,0,0,0,0,0,0,0,0,0,0,0
63790,0,0,0,0,0,0,0,0,0,0,0
63800,0,0,0,0,0,0,0,0,0,0,0
63810,0,0,0,0,0,0,0,0,0,0,0
63820,0,0,0,0,0,0,0,0,0,0,0
63830,0,0,0,0,0,0,0,0,0,0,0
63840,0,0,0,0,0,0,0,0,0,0,0
63850,0,0,0,0,0,0,0,0,0,0,0
63860,0,0,0,0,0,0,0,0,0,0,0
63870,0,0,0,0,0,0,0,0,0,0,0
63880,0,0,0,0,0,0,0,0,0,0,0
63890,0,0,0,0,0,0,0,0,0,0,0
63900,0,0,0,0,0,0,0,0,0,0,0
63910,0,0,0,0,0,0,0,0,0,0,0
63920,0,0,0,0,0,0,0,0,0,0,0
63930,0,0,0,0,0,0,0,0,0,0,0
63940,0,1,0,0,0,0,0,0,0,0,0
63950,0,0,0,0,0,0,0,0,0,0,0
63960,0,0,0,0,0,0,0,0,0,0,0
63970,0,0,0,0,0,0,0,0,0,0,0
64010,0,0,0,0,0,0,0,0,0,0,0
64020,0,0,0,0,0,0,0,0,0,0,0
64030,0,0,0,0,0,0,0,0,0,0,0
64040,0,0,0,0,0,0,0,0,0,0,0
64050,0,0,0,0,0,0,0,0,0,0,0
64060,0,0,0,0,0,0,0,0,0,0,0
64070,0,0,0,0,0,0,0,0,0,0,0
64080,0,0,0,0,0,0,0,0,0,0,0
64090,0,0,0,0,0,0,0,0,0,0,0
64100,0,0,0,0,0,0,0,0,0,0,0
64110,0,0,0,0,0,0,0,0,0,0,0
64120,0,0,0,0,0,0,0,0,0,0,0
64130,0,0,0,0,0,0,0,0,0,0,0
64140,0,0,0,0,0,0,0,0,0,0,0
64150,0,0,0,0,0,0,0,0,0,0,0
64160,0,0,0,0,0,0,0,0,0,0,0
64170,0,0,0,0,0,0,0,0,0,0,0
64180,0,0,0,0,0,0,0,0,0,0,0
64190,0,0,0,0,0,0,0,0,0,0,0
64200,0,0,0,0,0,0,0,0,0,0,0
64210,0,0,0,0,0,0,0,0,0,0,0
64220,0,0,0,0,0,0,0,0,0,0,0
64230,0,0,0,0,0,0,0,0,0,0,0
64240,0,0,0,0,0,0,0,0,0,0,0
64250,0,0,0,0,0,0,0,0,0,0,0
64260,0,0,0,0,0,0,0,0,0,0,0
64270,0,0,0,0,0,0,0,0,0,0,0
64280,0,0,0,0,0,0,0,0,0,0,0
64290,0,0,0,0,0,0,0,0,0,0,0
64300,0,0,0,0,0,0,0,0,0,0,0
64310,0,0,0,0,0,0,0,0,0,0,0
64320,0,0,0,0,0,0,0,0,0,0,0
64330,0,0,0,0,0,0,0,0,0,0,0
64340,0,0,0,0,0,0,0,0,0,0,0
64350,0,0,0,0,0,0,0,0,0,0,0
64360,0,0,0,0,0,0,0,0,0,0,0
64370,0,0,0,0,0,0,0,0,0,0,0
64380,0,0,0,0,0,0,0,0,0,0,0
64390,0,1,0,0,0,0,0,0,0,0,0
64400,0,0,0,0,0,0,0,0,0,0,0
64410,0,0,0,0,0,0,0,0,0,0,0
64420,0,0,0,0,0,0,0,0,0,0,0
65010,0,0,0,0,0,0,0,0,0,0,0
65020,0,0,0,0,0,0,0,0,0,0,0
65030,0,0,0,0,0,0,0,0,0,0,0
65040,0,0,0,0,0,0,0,0,0,0,0
65050,0,0,0,0,0,0,0,0,0,0,0
65060,0,0,0,0,0,0,0,0,0,0,0
65070,0,0,0,0,0,0,0,0,0,0,0
65080,0,0,0,0,0,0,0,0,0,0,0
65090,0,0,0,0,0,0,0,0,0,0,0
65100,0,0,0,0,0,0,0,0,0,0,0
65110,0,0,0,0,0,0,0,0,0,0,0
65120,0,0,0,0,0,0,0,0,0,0,0
65130,0,0,0,0,0,0,0,0,0,0,0
65140,0,0,0,0,0,0,0,0,0,0,0
65150,0,0,0,0,0,0,0,0,0,0,0
65160,0,0,0,0,0,0,0,0,0,0,0
65170,0,0,0,0,0,0,0,0,0,0,0
65180,0,0,0,0,0,0,0,0,0,0,0
65190,0,0,0,0,0,0,0,0,0,0,0
65200,0,0,0,0,0,0,0,0,0,0,0
65210,0,0,0,0,0,0,0,0,0,0,0
65220,0,0,0,0,0,0,0,0,0,0,0
65230,0,0,0,0,0,0,0,0,0,0,0
65240,0,0,0,0,0,0,0,0,0,0,0
65250,0,0,0,0,0,0,0,0,0,0,0
65260,0,0,0,0,0,0,0,0,0,0,0
65270,0,0,0,0,0,0,0,0,0,0,0
65280,0,0,0,0,0,0,0,0,0,0,0
65290,0,0,0,0,0,0,0,0,0,0,0
65300,0,0,0,0,0,0,0,0,0,0,0
65310,0,0,0,0,0,0,0,0,0,0,0
65320,0,0,0,0,0,0,0,0,0,0,0
65330,0,0,0,0,0,0,0,0,0,0,0
65340,0,0,0,0,0,0,0,0,0,0,0
65350,0,0,0,0,0,0,0,0,0,0,0
65360,0,0,0,0,0,0,0,0,0,0,0
65370,0,0,0,0,0,0,0,0,0,0,0
65380,0,0,0,0,0,0,0,0,0,0,0
65390,0,0,0,0,0,0,0,0,0,0,0
65400,0,0,0,0,0,0,0,0,0,0,0
65410,0,0,0,0,0,0,0,0,0,0,0
65420,0,0,0,0,0,0,0,0,0,0,0
65430,0,0,0,0,0,0,0,0,0,0,0
65440,0,0,0,0,0,0,0,0,0,0,0
65450,0,0,0,0,0,0,0,0,0,0,0
65460,0,0,0,0,0,0,0,0,0,0,0
65470,0,0,0,0,0,0,0,0,0,0,0
65480,0,1,0,0,0,0,0,0,0,0,0
65490,0,0,0,0,0,0,0,0,0,0,0
65500,0,0,0,0,0,0,0,0,0,0,0
65510,0,0,0,0,0,0,0,0,0,0,0
65520,0,0,0,0,0,0,0,0,0,0,0
65530,0,0,0,0,0,0,0,0,0,0,0
65540,0,0,0,0,0,0,0,0,0,0,0
65550,0,0,0,0,0,0,0,0,0,0,0
65560,0,0,0,0,0,0,0,0,0,0,0
65570,0,0,0,0,0,0,0,0,0,0,0
65580,0,0,0,0,0,0,0,0,0,0,0
65590,0,0,0,0,0,0,0,0,0,0,0
65600,0,0,0,0,0,0,0,0,0,0,0
65610,0,0,0,0,0,0,0,0,0,0,0
65620,0,0,0,0,0,0,0,0,0,0,0
65630,0,0,0,0,0,0,0,0,0,0,0
65640,0,0,0,0,0,0,0,0,0,0,0
65650,0,0,0,0,0,0,0,0,0,0,0
65660,0,0,0,0,0,0,0,0,0,0,0
65670,0,0,0,0,0,0,0,0,0,0,0
65680,0,0,0,0,0,0,0,0,0,0,0
65690,0,0,0,0,0,0,0,0,0,0,0
66010,0,0,0,0,0,0,0,0,0,0,0
66020,0,0,0,0,0,0,0,0,0,0,0
66030,0,0,0,0,0,0,0,0,0,0,0
66040,0,0,0,0,0,0,0,0,0,0,0
66050,0,0,0,0,0,0,0,0,0,0,0
66060,0,0,0,0,0,0,0,0,0,0,1
66070,0,0,0,0,0,0,0,0,0,0,0
66080,0,0,0,0,0,0,0,0,0,0,0
66090,0,0,0,0,0,0,0,0,0,0,0
67010,0,1,0,0,0,0,0,0,0,0,0
67020,0,1,0,0,0,0,0,0,0,0,0
67030,0,1,0,0,0,0,0,0,0,0,0
67040,0,1,0,0,0,0,0,0,0,0,0
67050,0,1,0,0,0,0,0,0,0,0,0
67060,0,1,0,0,0,0,0,0,0,0,0
67070,0,1,0,0,0,0,0,0,0,0,0
67080,0,1,0,0,0,0,0,0,0,0,0
67090,0,1,0,0,0,0,0,0,0,0,0
67100,0,1,0,0,0,0,0,0,0,0,0
67110,0,1,0,0,0,0,0,0,0,0,0
67120,0,1,0,0,0,0,0,0,0,0,0
67130,0,1,0,0,0,0,0,0,0,0,0
67140,0,1,0,0,0,0,0,0,0,0,0
67150,0,1,0,0,0,0,0,0,0,0,0
67160,0,1,0,0,0,0,0,0,0,0,0
67170,0,0,0,0,0,0,0,0,0,0,0
67180,0,0,0,0,0,0,0,0,0,0,0
67190,0,0,0,0,0,0,0,0,0,0,0
67200,0,0,0,0,0,0,0,0,0,0,0
67210,0,0,0,0,0,0,0,0,0,0,0
67220,0,0,0,0,0,0,0,0,0,0,0
67230,0,0,0,0,0,0,0,0,0,0,0
67240,0,0,0,0,0,0,0,0,0,0,0
67250,0,0,0,0,0,0,0,0,0,0,0
67260,0,0,0,0,0,0,0,0,0,0,0
67270,0,0,0,0,0,0,0,0,0,0,0
68010,0,0,0,0,0,0,0,0,0,0,0
68020,0,0,0,0,0,0,0,0,0,0,0
68030,0,0,0,0,0,0,0,0,0,0,0
68040,0,0,0,0,0,0,0,0,0,0,0
68050,0,0,0,0,0,0,0,0,0,0,0
68060,0,0,0,0,0,0,0,0,0,0,0
68070,0,0,0,0,0,0,0,0,0,0,0
68080,0,0,0,0,0,0,0,0,0,0,0
68090,0,0,0,0,0,0,0,0,0,0,0
68100,0,0,0,0,0,0,0,0,0,0,0
68110,0,0,0,0,0,0,0,0,0,0,0
68120,0,0,0,0,0,0,0,0,0,0,0
68130,0,0,0,0,0,0,0,0,0,0,0
68140,0,0,0,0,0,0,0,0,0,0,0
68150,0,0,0,0,0,0,0,0,0,0,0
68160,0,0,0,0,0,0,0,0,0,0,0
68170,0,0,0,0,0,0,0,0,0,0,0
68180,0,0,0,0,0,0,0,0,0,0,0
68190,0,0,0,0,0,0,0,0,0,0,0
68200,0,0,0,0,0,0,0,0,0,0,0
68210,0,0,0,0,0,0,0,0,0,0,0
68220,0,0,0,0,0,0,0,0,0,0,0
68230,0,0,0,0,0,0,0,0,0,0,0
68240,0,0,0,0,0,0,0,0,0,0,0
68250,0,0,0,0,0,0,0,0,0,0,0
68260,0,0,0,0,0,0,0,0,0,0,0
68270,0,0,0,0,0,0,0,0,0,0,0
68280,0,0,0,0,0,0,0,0,0,0,0
68290,0,0,0,0,0,0,0,0,0,0,0
68300,0,0,0,0,0,0,0,0,0,0,0
68310,0,0,0,0,0,0,0,0,0,0,0
68320,0,0,0,0,0,0,0,0,0,0,0
68330,0,0,0,0,0,0,0,0,0,0,0
68340,0,0,0,0,0,0,0,0,0,0,0
68350,0,0,0,0,0,0,0,0,0,0,0
68360,0,0,0,0,0,0,0,0,0,0,0
68370,0,0,0,0,0,0,0,0,0,0,0
68380,0,0,0,0,0,0,0,0,0,0,0
68390,0,0,0,0,0,0,0,0,0,0,0
68400,0,0,0,0,0,0,0,0,0,0,0
68410,0,0,0,0,0,0,0,0,0,0,0
68420,0,0,0,0,0,0,0,0,0,0,0
68430,0,1,0,0,0,0,0,0,0,0,0
68440,0,0,0,0,0,0,0,0,0,0,0
68450,0,1,0,0,0,0,0,0,0,0,0
68460,0,0,0,0,0,0,0,0,0,0,0
68470,0,1,0,0,0,0,0,0,0,0,0
68480,0,0,0,0,0,0,0,0,0,0,0
68490,0,0,0,0,0,0,0,0,0,0,0
68500,0,0,0,0,0,0,0,0,0,0,0
68510,0,0,0,0,0,0,0,0,0,0,0
68520,0,0,0,0,0,0,0,0,0,0,0
68530,0,0,0,0,0,0,0,0,0,0,0
68540,0,0,0,0,0,0,0,0,0,0,0
68550,0,0,0,0,0,0,0,0,0,0,0
68560,0,0,0,0,0,0,0,0,0,0,0
68570,0,0,0,0,0,0,0,0,0,0,0
68580,0,0,0,0,0,0,0,0,0,0,0
68590,0,0,0,0,0,0,0,0,0,0,0
68600,0,0,0,0,0,0,0,0,0,0,0
68610,0,0,0,0,0,0,0,0,0,0,0
68620,0,0,0,0,0,0,0,0,0,0,0
68630,0,0,0,0,0,0,0,0,0,0,0
68640,0,0,0,0,0,0,0,0,0,0,0
68650,0,0,0,0,0,0,0,0,0,0,0
68660,0,0,0,0,0,0,0,0,0,0,0
68670,0,0,0,0,0,0,0,0,0,0,0
68680,0,0,0,0,0,0,0,0,0,0,0
68690,0,0,0,0,0,0,0,0,0,0,0
68700,0,0,0,0,0,0,0,0,0,0,0
68710,0,1,0,0,0,0,0,0,0,0,0
68720,0,1,0,0,0,0,0,0,0,0,0
68730,0,0,0,0,0,0,0,0,0,0,0
68740,0,0,0,0,0,0,0,0,0,0,0
68750,0,0,0,0,0,0,0,0,0,0,0
68760,0,0,0,0,0,0,0,0,0,0,0
68770,0,0,0,0,0,0,0,0,0,0,0
68780,0,0,0,0,0,0,0,0,0,0,0
68790,0,0,0,0,0,0,0,0,0,0,0
68800,0,0,0,0,0,0,0,0,0,0,0
68810,0,0,0,0,0,0,0,0,0,0,0
68820,0,0,0,0,0,0,0,0,0,0,0
68830,0,0,0,0,0,0,0,0,0,0,0
68840,0,0,0,0,0,0,0,0,0,0,0
71010,0,0,0,0,0,0,0,0,0,0,0
71020,0,0,0,0,0,0,0,0,0,0,0
71030,0,0,0,0,0,0,0,0,0,0,0
71040,0,0,0,0,0,0,0,0,0,0,0
71050,0,0,0,0,0,0,0,0,0,0,0
71060,0,0,0,0,0,0,0,0,0,0,0
71070,0,0,0,0,0,0,0,0,0,0,0
71080,0,0,0,0,0,0,0,0,0,0,0
71090,0,0,0,0,0,0,0,0,0,0,0
71100,0,0,0,0,0,0,0,0,0,0,0
71110,0,0,0,0,0,0,0,0,0,0,0
71120,0,0,0,0,0,0,0,0,0,0,0
71130,0,0,0,0,0,0,0,0,0,0,0
71140,0,0,0,0,0,0,0,0,0,0,0
71150,0,0,0,0,0,0,0,0,0,0,0
71160,0,0,0,0,0,0,0,0,0,0,0
71170,0,0,0,0,0,0,0,0,0,0,0
72010,0,0,0,0,0,0,0,0,0,0,0
72020,0,0,0,0,0,0,0,0,0,0,0
72030,0,0,0,0,0,0,0,0,0,0,0
72040,0,0,0,0,0,0,0,0,0,0,0
72050,0,0,0,0,0,0,0,0,0,0,0
72060,0,0,0,0,0,0,0,0,0,0,0
72070,0,0,0,0,0,0,0,0,0,0,0
72080,0,0,0,0,0,0,0,0,0,0,0
81010,0,0,0,0,0,0,0,0,0,0,0
81020,0,0,0,0,0,0,0,0,0,0,0
81030,0,0,0,0,0,0,0,0,0,0,0
81040,0,0,0,0,0,0,0,0,0,0,0
81050,0,0,0,0,0,0,0,0,0,0,0
81060,0,0,0,0,0,0,0,0,0,0,0
81070,0,0,0,0,0,0,0,0,0,0,0
81080,0,0,0,0,0,0,0,0,0,0,0
81090,0,0,0,0,0,0,0,0,0,0,0
81100,0,0,0,0,0,0,0,0,0,0,0
81110,0,0,0,0,0,0,0,0,0,0,0
81120,0,0,0,0,0,0,0,0,0,0,0
81130,0,0,0,0,0,0,0,0,0,0,0
81140,0,0,0,0,0,0,0,0,0,0,0
81150,0,0,0,0,0,0,0,0,0,0,0
81160,0,0,0,0,0,0,0,0,0,0,0
81170,0,0,0,0,0,0,0,0,0,0,0
81180,0,0,0,0,0,0,0,0,0,0,0
81190,0,0,0,0,0,0,0,0,0,0,0
81200,0,0,0,0,0,0,0,0,0,0,0
81210,0,0,0,0,0,0,0,0,0,0,0
81220,0,0,0,0,0,0,0,0,0,0,0
81230,0,0,0,0,0,0,0,0,0,0,0
81240,0,0,0,0,0,0,0,0,0,0,0
81250,0,0,0,0,0,0,0,0,0,0,0
81260,0,0,0,0,0,0,0,0,0,0,0
81270,0,0,0,0,0,0,0,0,0,0,0
81280,0,0,0,0,0,0,0,0,0,0,0
81290,0,0,0,0,0,0,0,0,0,0,0
81300,0,0,0,0,0,0,0,0,0,0,0
81310,0,0,0,0,0,0,0,0,0,0,0
81320,0,0,0,0,0,0,0,0,0,0,0
81330,0,0,0,0,0,0,0,0,0,0,0
81340,0,0,0,0,0,0,0,0,0,0,0
81350,0,0,0,0,0,0,0,0,0,0,0
81360,0,0,0,0,0,0,0,0,0,0,0
81370,0,0,0,0,0,0,0,0,0,0,0
81380,0,0,0,0,0,0,0,0,0,0,0
81390,0,0,0,0,0,0,0,0,0,0,0
81400,0,0,0,0,0,0,0,0,0,0,0
81410,0,0,0,0,0,0,0,0,0,0,0
81420,0,0,0,0,0,0,0,0,0,0,0
81430,0,0,0,0,0,0,0,0,0,0,0
81440,0,0,0,0,0,0,0,0,0,0,0
81450,0,0,0,0,0,0,0,0,0,0,0
81460,0,0,0,0,0,0,0,0,0,0,0
81470,0,0,0,0,0,0,0,0,0,0,0
81480,0,0,0,0,0,0,0,0,0,0,0
81490,0,0,0,0,0,0,0,0,0,0,0
81500,0,0,0,0,0,0,0,0,0,0,0
81510,0,0,0,0,0,0,0,0,0,0,0
81520,0,0,0,0,0,0,0,0,0,0,0
81530,0,0,0,0,0,0,0,0,0,0,0
81540,0,0,0,0,0,0,0,0,0,0,0
81550,0,0,0,0,0,0,0,0,0,0,0
81560,0,0,0,0,0,0,0,0,0,0,1
81570,0,0,0,0,0,0,0,0,0,0,0
81580,0,0,0,0,0,0,0,0,0,0,0
81590,0,0,0,0,0,0,0,0,0,0,0
81600,0,0,0,0,0,0,0,0,0,0,0
81610,0,0,1,0,0,0,0,0,0,0,0
81620,0,0,0,0,0,0,0,0,0,0,0
81630,0,0,0,0,0,1,0,0,0,0,0
81640,0,0,0,0,0,0,0,0,0,0,0
81650,0,0,0,0,0,0,0,0,0,0,0
81660,0,0,0,0,0,0,0,0,0,0,0
82010,0,0,0,0,0,0,0,0,0,0,0
82020,0,0,0,0,0,0,0,0,0,0,0
82030,0,0,0,0,0,0,0,0,0,0,0
82040,0,0,0,0,0,0,0,0,0,0,0
82050,0,0,0,0,0,0,0,0,0,0,0
82060,0,0,0,0,0,0,0,0,0,0,0
82070,0,0,0,0,0,0,0,0,0,0,0
82080,0,0,0,0,0,0,0,0,0,0,0
82090,0,0,0,0,0,0,0,0,0,0,0
82100,0,0,0,0,0,0,0,0,0,0,0
82110,0,0,0,0,0,0,0,0,0,0,0
82120,0,0,0,0,0,0,0,0,0,0,0
82130,0,0,0,0,0,0,0,0,0,0,0
82140,0,0,0,0,0,0,0,0,0,0,0
82150,0,0,0,0,0,0,0,0,0,0,0
82160,0,0,0,0,0,0,0,0,0,0,0
82170,0,0,0,0,0,0,0,0,0,0,0
82180,0,0,0,0,0,0,0,0,0,0,0
82190,0,0,0,0,0,0,0,0,0,0,0
82200,0,0,0,0,0,0,0,0,0,0,0
82210,0,0,0,0,0,0,0,0,0,0,0
82220,0,0,0,0,0,0,0,0,0,0,0
82230,0,0,0,0,0,0,0,0,0,0,0
82240,0,0,0,0,0,0,0,0,0,0,0
82250,0,0,0,0,0,0,0,0,0,0,0
82260,0,0,0,0,0,0,0,0,0,0,0
82270,0,0,0,0,0,0,0,0,0,0,0
82280,0,0,0,0,0,0,0,0,0,0,0
82290,0,0,0,0,0,0,0,0,0,0,0
82300,0,0,0,0,0,0,0,0,0,0,0
82310,0,0,0,0,0,0,0,0,0,0,0
82320,0,0,0,0,0,0,0,0,0,0,0
82330,0,0,0,0,0,0,0,0,0,0,0
82340,0,0,0,0,0,0,0,0,0,0,0
82350,0,0,0,0,0,0,0,0,0,0,0
82360,0,0,0,0,0,0,0,0,0,0,0
82370,0,0,0,0,0,0,0,0,0,0,0
82380,0,0,0,0,0,0,0,0,0,0,0
82390,0,0,0,0,0,0,0,0,0,0,0
82400,0,0,0,0,0,0,0,0,0,0,0
82410,0,0,0,0,0,0,0,0,0,0,0
83010,0,0,0,0,0,0,0,0,0,0,0
83020,0,0,0,0,0,0,0,0,0,0,0
83030,0,0,0,0,0,0,0,0,0,0,0
83040,0,0,0,0,0,0,0,0,0,0,0
83050,0,0,0,0,0,0,0,0,0,0,0
83060,0,0,0,0,0,0,0,0,0,0,0
