_mos:,md5,md6,md7,md8,md9,md10,md11,md21,md22,md23
_names:,cnsman,fire,tcuws,rtail,busoth,acfdnf,hledpa,p5-12,p13-17,Psfte
ZONE,Contruction/Mfg - 2011 Base Emp,FIRE - 2011 Base Emp,TCU/Wholesale - 2011 Base Emp,Retail - 2011 Base Emp,Business/OtherServices - 2011 Base Emp,AccomFood/InfoCult - 2011 Base Emp,Health/Educat/PubAdmin - 2011 Base Emp,POP5-12,POP13-17,PostSec 2011 FT Enrl
1000,0,61,51,32,146,283,118,171,134,0
1010,289,148,318,51,507,578,281,714,530,0
1020,199,22,285,6,26,263,147,66,45,0
1030,0,0,0,5,96,4,46,141,126,0
1040,144,88,62,22,258,39,82,361,270,0
1050,120,226,75,26,465,87,206,572,550,0
1060,317,98,153,32,379,246,356,472,370,0
1070,0,69,0,6,216,73,878,560,407,0
1080,18,28,0,5,98,60,442,176,184,0
1090,173,449,108,309,899,626,459,187,163,0
1100,593,1177,168,3344,1609,1204,980,303,247,25
1110,171,60,5,38,141,149,191,148,126,0
1150,18,16,11,21,143,23,80,121,75,0
1200,27,215,106,332,262,281,528,564,384,0
1210,1038,235,684,1187,1695,716,202,33,22,3
1220,94,240,49,368,258,647,565,468,339,8
1230,55,17,0,25,56,106,602,271,201,0
1240,253,2246,424,350,1362,914,759,191,138,292
1250,82,719,110,485,882,649,1696,305,224,25
1260,223,0,0,14,303,55,401,805,515,0
1270,82,43,19,4,150,173,2418,348,226,0
1280,409,33,757,135,313,64,138,422,225,0
1290,475,93,264,505,950,815,63,77,51,0
1500,0,175,21,249,263,121,174,226,144,0
1510,61,277,79,565,379,284,135,444,341,0
1520,1155,330,1108,357,1343,401,168,162,88,0
1530,108,63,81,13,218,622,126,314,257,0
1540,0,0,0,0,0,0,0,0,0,0
1550,0,45,0,6,172,183,301,449,349,0
1560,73,43,0,31,196,7,191,624,415,0
1570,0,182,0,138,286,187,744,577,414,3
1580,103,0,0,21,259,47,89,427,312,0
1590,0,214,38,198,232,127,693,610,456,0
1600,145,87,31,62,156,53,458,897,683,0
1610,67,164,26,488,134,286,450,741,566,0
1620,252,36,34,13,21,163,348,211,157,0
1630,18,0,0,2,43,55,8,58,49,0
1640,0,0,0,16,115,165,788,291,174,6265
1650,873,105,1018,421,461,213,160,98,47,0
1660,188,0,0,8,297,106,142,658,549,0
1670,91,18,0,205,143,211,115,62,45,0
1680,130,149,59,71,474,282,272,1042,658,0
1690,792,22,301,72,276,148,531,150,136,0
1700,90,36,0,25,182,6,85,372,278,0
1710,64,76,0,45,57,272,71,287,233,0
1900,191,55,62,160,397,434,217,379,210,0
1910,9,0,0,0,6,1,3,6,5,0
1920,0,0,0,0,0,0,0,0,0,0
1930,44,0,0,6,0,5,0,11,8,0
2000,0,0,0,160,162,408,78,0,0,0
2010,116,143,144,51,329,330,31,81,79,0
2020,0,88,40,102,44,371,258,49,22,0
2030,180,149,138,63,894,635,74,111,64,0
2040,72,159,154,463,971,1222,561,150,78,424
2050,14,109,33,351,129,705,215,122,51,0
2060,0,433,0,40,127,514,0,86,28,0
2070,35,52,54,471,382,763,1084,104,86,0
2080,60,67,0,301,657,978,3821,95,38,205
2090,27,197,57,193,684,728,179,134,76,0
2100,221,534,524,27,1299,474,769,134,69,165
2110,721,1327,404,139,2445,900,1640,16,11,0
2120,1139,2757,1041,134,4540,457,1345,0,0,1775
2130,758,3765,1163,900,5653,2524,966,134,105,3297
2140,430,1701,556,118,2240,1459,815,0,0,171
2150,722,6265,1043,1150,8087,2669,1253,0,0,1945
2160,119,1193,171,1277,3283,1854,2991,15,9,772
2170,1186,1209,480,218,3769,3048,895,1,0,2786
2180,427,1345,209,756,2874,765,1000,14,0,8968
2190,374,214,227,1091,1386,2371,569,55,25,4667
2200,118,75,2255,23,1073,815,1712,0,0,3485
2210,472,563,186,253,1940,2354,549,70,74,1928
2220,166,118,50,242,1399,928,803,49,18,2558
2230,69,27,50,137,277,517,182,72,29,0
2240,137,97,0,11,319,247,100,152,111,0
2250,255,116,81,3,573,1245,213,83,32,0
2260,159,182,391,154,906,991,685,36,17,0
2270,173,86,13,200,345,390,234,27,9,110
2280,271,37,5,17,64,131,69,127,108,0
2290,163,812,538,327,2111,2388,1631,32,28,324
2300,430,54,24,15,358,151,15,84,54,0
2310,295,228,61,138,827,634,294,74,48,0
2320,239,142,265,122,1660,1067,53,44,18,0
2330,341,167,155,261,1937,537,360,322,182,445
2900,0,0,0,87,929,839,6258,16,15,20704
2910,352,245,46,142,1322,1105,6660,69,36,20294
2920,60,41,8,116,227,235,1143,725,558,0
3000,113,191,61,149,495,320,621,336,253,0
3010,91,319,153,268,605,415,454,688,537,996
3020,123,38,32,170,321,334,94,186,118,0
3030,173,180,83,507,437,820,377,343,186,0
3040,162,204,207,338,556,335,328,436,311,0
3050,74,246,93,456,703,662,195,121,110,0
3060,60,670,47,287,632,873,351,145,125,0
3070,370,358,52,353,1202,821,701,177,95,172
3080,708,1046,528,830,2640,949,960,47,30,330
3090,78,205,127,365,923,453,1180,356,264,6
3100,456,529,76,617,932,495,1310,96,50,178
3110,450,416,181,455,551,1022,590,73,65,1977
3120,155,177,91,73,340,466,318,151,98,0
3130,526,752,133,307,2045,508,843,83,53,556
3140,511,411,228,446,1652,1239,2250,117,80,138
3150,0,839,80,127,129,512,33,87,42,0
3160,3193,1607,1273,1143,3223,2341,1295,21,43,884
3170,177,309,114,615,773,766,492,141,63,188
3180,450,215,106,302,2095,841,10562,30,8,1122
3190,51,95,0,54,248,250,365,215,137,0
3200,86,160,118,400,439,248,2420,216,78,145
3210,134,180,84,340,441,228,739,710,469,0
3220,32,96,0,334,338,128,315,587,477,0
3230,30,146,88,76,132,7,222,412,378,0
3240,77,0,20,62,295,5,394,382,294,0
3250,81,146,0,179,121,225,208,303,325,0
3260,40,27,19,69,160,4,341,390,400,0
3270,62,360,0,270,585,248,116,198,224,13
3280,142,0,0,23,128,82,450,200,149,0
3290,38,46,90,60,167,159,206,191,155,0
3300,70,53,15,17,143,66,438,247,159,0
3310,132,113,72,365,772,399,6007,508,282,6
3320,0,145,1163,93,400,176,2055,124,121,0
3330,85,60,30,75,174,357,403,367,453,0
3340,244,678,236,337,611,323,718,518,573,0
3350,202,189,58,286,339,226,220,628,601,858
3360,637,38,582,113,481,210,184,56,63,0
3370,25,682,120,1247,775,361,853,346,304,6
3380,0,71,42,49,228,59,444,309,386,0
3390,170,230,68,126,266,144,981,707,784,0
3400,382,218,151,131,832,316,250,278,176,0
3410,865,69,506,336,568,231,94,144,136,47
3420,247,44,356,52,276,25,26,5,0,0
3430,855,335,712,226,830,335,1993,94,64,0
3440,852,348,731,455,540,628,564,482,347,0
3450,1265,251,2677,307,1117,372,930,71,34,1226
3460,908,186,1382,495,1625,865,1590,419,220,5040
3470,2016,181,852,353,502,205,111,201,111,0
3480,698,107,735,483,530,469,714,268,178,0
3490,229,173,277,506,285,318,388,308,189,0
3500,136,0,95,74,59,91,152,243,127,0
3510,368,194,175,312,578,384,220,346,224,21
3520,140,21,52,110,130,27,494,600,425,0
3530,306,71,0,314,204,71,190,629,408,0
3540,437,37,489,10,48,68,37,29,10,0
3550,171,121,413,115,342,1478,815,515,308,0
3560,18,0,20,43,254,170,98,247,130,0
3570,397,36,143,204,446,147,212,544,343,0
3580,370,73,275,128,368,235,283,520,348,0
3590,335,65,52,280,713,496,1138,293,149,305
3600,358,190,16,269,299,272,206,438,216,0
3610,230,110,34,61,193,221,430,315,209,0
3620,191,90,58,375,315,363,314,552,334,0
3630,26,13,98,42,265,154,305,366,293,0
3640,61,91,25,265,365,216,1150,594,363,127
3650,505,315,111,190,388,372,452,717,449,0
3660,151,0,0,38,122,55,438,683,393,0
3670,0,0,318,48,0,156,271,625,400,0
3680,59,74,116,221,194,94,448,353,211,0
3690,0,0,30,57,21,5,555,198,153,0
3700,347,64,34,240,256,164,463,565,430,0
3710,178,108,36,156,102,200,49,412,247,0
3720,127,146,32,341,204,192,144,621,360,0
3730,133,0,0,4,0,4,0,285,226,0
3740,243,13,81,135,103,3,278,579,365,0
3750,61,49,22,91,145,236,255,569,402,0
3760,1277,595,498,1332,796,521,423,69,47,98
3770,237,12,12,24,141,90,289,427,328,0
3780,241,154,226,574,631,669,31,72,53,0
3790,49,0,0,38,25,66,210,409,302,0
3800,19,0,50,41,159,78,232,641,445,0
3810,145,314,39,92,688,240,600,734,479,0
3820,134,134,0,281,79,230,261,482,365,787
3830,88,279,0,261,245,143,727,570,421,0
3840,220,246,130,481,531,274,289,613,353,8886
3850,171,49,107,34,158,167,525,899,557,0
3860,1779,41,1449,1073,484,268,297,0,0,0
3870,81,205,0,92,120,110,374,532,385,0
3880,26,132,0,90,160,22,266,789,593,0
3890,1018,48,345,182,287,278,421,875,521,0
3900,133,45,56,420,285,146,372,729,604,0
3910,0,14,0,24,118,69,570,442,458,0
3920,115,0,66,53,69,5,18,199,129,0
3930,0,205,23,49,111,88,599,442,398,0
3940,0,0,0,5,66,27,322,273,247,0
3950,34,51,69,9,0,9,0,106,68,0
3960,0,0,27,53,83,6,146,393,358,0
3970,0,75,0,6,96,6,328,565,430,0
3980,52,82,214,116,101,101,317,317,223,0
3990,0,0,0,33,0,32,0,105,92,0
4000,359,359,33,422,475,262,445,553,329,26
4010,99,50,104,78,113,148,162,587,387,0
4020,1199,516,1409,512,1362,1653,269,83,63,0
4030,532,258,639,290,999,659,119,50,57,0
4040,186,49,69,194,296,284,612,445,359,0
4050,71,0,0,122,112,159,0,75,80,0
4060,92,44,53,55,80,76,370,402,295,0
4070,81,294,66,1087,316,330,166,304,148,0
4080,230,150,586,97,594,235,119,94,45,0
4090,67,73,65,206,300,110,643,551,468,0
4100,199,125,510,200,361,167,80,272,221,0
4110,105,0,69,35,72,197,325,466,421,0
4120,0,0,0,85,82,196,111,380,323,0
4130,372,39,124,36,87,262,0,203,175,0
4140,634,56,160,124,426,686,4789,114,85,19901
4150,0,117,0,7,31,39,139,498,376,0
4160,1981,353,1805,275,1549,725,256,0,0,0
4170,29,0,0,15,74,26,182,340,218,0
4180,0,133,0,31,70,68,98,142,106,0
4190,986,1337,1261,437,3682,1307,797,112,53,0
4200,1326,684,204,167,961,1811,3093,372,338,108
4210,63,0,0,16,22,5,118,304,235,0
4220,11,27,34,17,616,2656,199,156,103,0
4230,83,523,257,117,314,291,1081,411,259,6
4240,32,63,156,17,152,90,209,594,280,0
4250,0,0,25,32,135,4,51,122,111,0
4260,24,0,0,4,165,32,670,426,325,0
4270,25,37,0,89,69,78,110,286,230,0
4280,441,491,1127,233,1403,1301,334,202,179,0
4290,1100,238,740,27,1358,306,1901,152,87,70
4300,185,201,337,56,750,196,1787,134,99,16190
4310,21,0,0,3,332,96,889,252,219,0
4320,36,37,26,6,177,49,129,310,256,0
4330,231,606,486,218,503,402,652,340,166,148
4340,78,333,91,1761,327,1042,153,34,32,278
4350,152,774,313,2704,2249,2201,1342,147,104,11
4360,108,110,53,235,113,330,85,422,244,0
4370,40,0,0,36,61,241,190,413,258,0
4380,1722,98,703,201,1135,305,190,138,74,110
4390,817,52,207,31,216,99,340,665,525,0
4400,22,0,249,25,0,5,162,310,212,0
4410,2103,165,1468,1063,1860,564,77,29,33,119
4420,2809,621,1459,715,1024,263,135,48,29,0
4430,315,48,259,567,273,65,221,130,120,0
4440,1076,0,1036,335,469,135,129,189,119,0
4450,0,0,147,65,204,16,140,281,202,0
4460,132,0,0,55,212,58,153,359,282,0
4470,104,171,42,588,227,331,564,735,520,0
4480,105,37,2080,3,625,15,0,2,1,0
4490,440,107,622,58,60,3,188,651,427,0
4500,0,83,24,48,110,18,341,574,347,0
4510,189,0,0,76,171,157,620,721,474,0
4520,22,0,0,11,48,20,455,271,216,0
4530,0,50,0,157,166,28,271,329,234,0
4540,16,12,2,17,28,22,5,98,85,0
4550,169,125,23,176,288,236,55,342,252,0
4560,23,242,56,1553,466,566,308,114,89,0
4700,24,0,253,4,34,4,49,175,95,0
4710,1724,135,271,522,212,198,139,721,389,0
4720,0,16,34,13,246,186,164,443,287,0
4730,1154,183,33,172,75,34,48,120,79,0
4740,102,231,129,375,352,1056,522,223,155,28
4750,115,198,0,173,303,46,655,590,416,0
4760,105,1021,68,670,1342,1116,1428,470,343,0
4770,102,265,149,266,706,192,1907,55,26,8300
4780,20,50,307,215,50,154,276,297,209,0
4790,78,0,0,7,31,55,126,206,176,0
4800,78,34,99,12,157,30,224,72,55,112
4810,105,0,0,4,74,261,710,395,316,1884
4820,86,45,0,16,161,69,774,204,150,0
4830,199,15,756,178,409,66,3850,437,263,28
4840,558,12,363,3,144,26,37,7,4,0
5000,33,10,0,0,3,0,28,45,23,0
5010,103,17,22,0,74,63,75,280,206,0
5020,2,1,0,0,5,2,3,1,0,0
5030,62,0,125,3,0,63,18,4,4,0
5040,73,139,160,29,137,9,59,446,301,0
5050,107,0,0,10,0,13,126,588,330,0
5060,112,116,0,171,255,344,1556,753,523,0
5070,297,22,44,27,351,46,318,919,662,0
5080,757,245,454,583,1101,581,597,560,443,0
5100,111,0,52,165,142,146,84,181,138,0
5110,159,35,0,143,97,96,428,350,260,0
5120,0,100,0,48,150,216,268,577,386,928
5130,0,0,0,4,33,208,76,29,23,0
5140,95,377,67,134,197,135,407,401,252,0
5150,87,107,123,113,198,319,243,160,105,0
5160,134,14,44,48,178,37,468,540,400,0
5170,84,237,168,265,334,356,288,211,171,56
5180,257,105,262,1234,683,547,587,711,488,0
5190,275,97,144,109,149,66,26,2,1,0
5200,2024,219,1797,709,789,1016,77,0,0,0
5210,1227,123,2118,180,808,70,92,1,1,0
5220,72,0,0,80,54,14,383,405,323,0
5230,189,161,20,136,164,167,815,478,335,0
5240,0,29,41,42,48,4,199,113,82,0
5250,920,110,211,160,340,222,286,578,394,0
5260,77,63,48,416,44,92,39,542,433,0
5270,159,0,64,7,95,9,146,549,407,0
5280,7,0,49,39,147,33,36,246,144,0
5290,0,81,0,17,141,36,1985,291,262,0
5300,234,0,0,5,0,5,0,54,30,0
5310,141,0,0,3,14,36,0,165,99,0
5320,114,78,77,107,81,18,502,666,533,0
5330,0,0,0,16,266,18,340,468,450,0
5340,330,285,176,380,566,807,516,416,284,0
5350,214,37,59,25,67,407,312,1242,1004,0
5360,0,60,0,14,0,13,49,225,193,0
5370,0,26,41,16,124,146,823,341,250,2895
5380,27,315,52,2213,836,687,972,205,138,0
5390,115,340,103,1290,499,741,555,242,178,0
5400,164,0,0,10,165,35,115,639,509,0
5410,0,0,0,64,0,14,61,279,169,0
5420,0,0,0,97,0,133,0,250,163,0
5430,0,0,0,39,0,13,39,32,29,0
5440,0,0,0,49,0,12,61,44,41,0
5450,0,0,0,28,0,16,33,15,10,0
5460,9,0,0,10,0,1,6,22,11,0
5500,31,318,51,515,228,184,164,225,192,0
5510,124,41,26,245,236,120,162,89,52,0
5520,14,0,0,86,140,77,247,282,201,15
5530,1283,290,243,223,439,318,1326,555,443,0
5540,2331,85,2591,149,731,121,322,11,7,2202
5550,0,0,0,9,13,16,82,257,158,0
5560,0,0,0,22,31,35,186,428,294,0
5570,1388,14,297,59,356,141,240,378,273,0
5580,1,0,4,0,4,0,3,0,0,0
5590,48,27,215,6,255,6,191,684,569,0
5600,31,86,32,133,36,38,282,406,288,0
5610,55,41,523,93,55,176,143,429,358,0
5620,0,0,71,16,117,16,0,288,260,0
5630,0,40,14,33,127,109,240,317,283,0
5640,352,149,137,986,259,541,553,923,617,0
5650,77,0,0,13,0,73,0,206,134,0
5700,210,13,27,57,70,134,54,31,18,0
5710,350,111,315,109,288,301,408,617,413,18
5720,497,0,116,44,20,99,0,63,33,0
5730,367,145,88,561,284,219,441,1074,741,0
5740,120,0,23,2,0,298,12,18,18,0
5800,306,42,0,24,154,122,589,1017,767,0
5810,2022,334,470,1058,766,867,342,542,368,1520
5820,179,122,152,312,225,160,1370,507,425,0
5830,0,41,49,144,22,47,688,546,420,0
5840,51,221,78,332,318,283,378,746,629,0
5850,11,327,15,233,555,454,639,239,179,0
5860,245,254,366,791,514,770,1403,484,318,41
5870,82,0,57,16,0,14,0,58,40,0
5880,49,0,0,22,0,56,56,122,128,0
5890,337,0,31,102,126,44,1137,815,640,0
5900,135,0,19,2,11,2,25,143,120,201
5910,235,58,0,11,91,31,251,1288,768,0
5920,670,0,265,119,351,67,40,881,636,0
5930,61,0,0,6,73,54,41,154,130,0
5940,67,48,78,272,107,53,43,106,85,0
5950,122,0,0,5,30,5,16,68,66,0
5960,722,0,33,11,20,26,14,42,35,0
6000,743,469,13371,380,1815,1495,724,2,2,0
6010,8,30,1052,3,12,8,137,0,0,0
6020,53,0,655,10,169,289,25,79,59,0
6030,18,0,122,1,39,69,8,1,1,714
6040,79,37,99,276,307,360,247,759,553,0
6050,0,85,26,103,64,73,102,442,337,0
6060,126,88,34,306,147,79,291,553,419,0
6070,48,63,35,25,91,100,165,452,359,0
6080,81,43,0,51,30,49,419,551,448,0
6090,121,199,216,279,229,708,149,385,306,0
6100,0,20,0,5,134,119,417,438,338,0
6110,73,130,106,4,127,43,608,360,302,0
6120,32,264,46,35,54,23,228,490,441,0
6130,38,93,50,280,80,195,332,387,308,0
6140,42,15,33,45,157,15,253,462,457,0
6150,0,0,48,40,95,194,279,423,386,0
6160,766,44,271,27,297,205,249,519,363,0
6170,2524,169,1645,1333,1004,588,148,5,4,0
6180,680,1808,759,105,550,140,679,322,217,0
6190,356,233,707,638,669,212,61,51,35,91
6200,502,411,119,555,618,788,566,95,66,25
6210,34,678,201,2006,587,820,3265,56,78,31
6220,0,26,39,20,84,57,933,475,345,0
6230,21,296,113,65,155,361,198,707,519,0
6240,19,53,24,114,44,71,379,360,281,0
6250,49,190,24,132,61,128,106,225,238,0
6260,100,169,32,153,96,143,169,389,363,0
6270,52,0,111,61,95,50,265,670,582,0
6280,72,55,51,11,189,47,618,726,565,0
6290,437,316,288,1316,1143,2564,201,292,223,0
6300,236,597,262,1999,1670,2543,691,297,191,4350
6310,355,95,227,25,103,16,47,388,274,0
6320,45,502,87,273,575,653,225,10,10,22
6330,0,33,0,8,113,40,0,220,127,0
6340,33,589,76,291,835,377,377,260,185,1602
6350,22,27,0,7,46,32,117,263,149,0
6360,76,40,39,22,151,69,426,707,501,0
6370,16,18,0,15,41,15,53,71,48,0
6380,127,0,37,56,106,111,189,549,392,0
6390,1129,60,293,20,170,10,0,0,0,0
6400,1331,44,1307,223,425,107,9,261,162,0
6410,691,287,528,348,1539,1467,302,401,220,0
6420,156,82,107,136,163,300,238,475,425,0
6430,4601,172,3496,1603,1664,449,169,304,185,767
6440,1944,250,2114,1226,3462,1139,231,0,0,0
6450,191,0,280,27,64,48,104,40,59,0
6460,1286,29,1244,125,372,245,38,44,39,0
6470,1720,48,1854,904,905,754,218,18,25,0
6480,649,50,577,114,319,20,263,602,309,0
6700,191,147,84,107,434,197,542,491,394,0
6710,45,64,0,222,142,425,357,862,672,0
6720,90,76,25,167,214,276,1913,566,449,0
6730,180,8,11,2,34,5,44,0,0,0
6740,825,19,37,7,100,13,85,47,37,0
6750,24,42,30,18,48,24,60,85,72,0
6760,117,6,92,6,59,1,4,23,17,0
6770,375,19,391,42,130,133,107,262,197,0
6780,5976,146,4017,200,1573,278,147,9,7,0
6790,5734,143,6153,304,1362,276,179,0,0,546
6800,1321,0,543,40,90,49,319,53,36,0
6810,279,0,176,4,53,45,150,19,23,112
6900,2,6,86,27,8,8,65,0,0,0
6910,24,183,92,337,380,368,314,307,237,0
6920,121,173,93,190,158,338,533,512,411,0
6930,66,0,158,8,47,79,196,460,355,0
6940,61,16,36,81,385,101,182,309,205,0
6950,0,0,0,109,76,195,72,256,188,0
7000,473,58,410,24,191,76,226,584,426,0
7010,93,24,54,146,421,214,378,967,693,28
7020,311,27,54,68,67,60,140,444,298,0
7030,123,516,31,914,637,529,941,954,633,0
7040,56,19,68,4,40,117,361,686,578,0
7050,55,464,40,579,375,350,330,852,473,0
7060,77,307,88,614,382,435,458,725,593,9
7070,52,0,0,6,37,6,428,337,349,0
7080,0,16,0,4,23,84,230,171,178,0
7100,413,64,1221,17,130,27,0,35,24,0
7110,722,60,553,187,1412,70,49,66,55,445
7120,765,68,850,153,314,107,69,334,247,0
7130,139,37,32,19,51,24,168,706,485,0
7140,24,19,42,29,50,60,188,616,416,0
7150,65,14,12,19,13,24,303,393,308,0
7160,28,82,1156,31,96,47,331,127,76,0
7170,64,0,0,3,78,13,124,45,41,0
7180,105,108,151,190,211,213,139,255,167,0
7190,14,96,31,76,67,209,192,588,364,92
7200,174,1264,40,699,532,298,1156,127,103,2736
7210,29,27,0,33,102,93,2750,273,191,164
7220,45,14,0,33,120,8,184,430,326,0
7230,0,31,0,31,203,46,195,505,331,0
7240,42,39,28,97,63,89,177,502,306,0
7250,50,90,202,275,371,378,398,195,90,233
7260,0,26,16,511,270,121,387,397,286,0
7270,101,250,30,648,386,411,497,464,289,103
7280,56,12,0,32,105,80,2946,102,58,0
7290,0,0,32,261,161,22,254,300,209,0
7300,203,874,27,1905,521,725,199,169,99,42
7310,303,579,185,154,484,0,1528,0,0,0
7320,42,78,26,40,38,31,133,349,268,0
7330,31,64,14,53,124,153,166,665,467,0
7340,120,882,26,120,284,186,416,249,152,0
7350,59,793,28,392,334,418,703,483,363,0
7360,105,0,0,5,0,14,35,219,150,0
7370,50,0,0,6,36,5,234,283,237,0
7380,0,0,0,18,0,5,234,242,185,0
7390,134,128,0,95,160,66,262,892,495,0
7400,92,19,423,222,260,281,86,425,220,0
7410,1924,147,777,309,834,305,207,499,286,1112
7420,552,27,212,47,139,120,1236,1315,653,1177
7430,60,32,15,230,18,255,67,433,255,0
7440,101,135,13,48,234,47,283,704,413,0
7450,42,0,32,12,21,138,152,803,414,0
7460,2511,127,1125,193,651,178,774,709,321,18
7470,3105,806,1560,869,1945,377,2073,655,340,0
7480,84,34,104,71,249,112,2028,1059,598,382
7490,0,0,23,39,28,55,19,116,92,0
7500,151,454,138,611,450,473,1159,641,471,196
7510,64,0,39,11,27,10,223,327,331,0
7520,0,0,0,6,28,6,81,558,393,0
7530,128,44,29,4,127,28,65,291,217,31
7540,91,0,42,10,0,69,130,529,350,0
7550,191,47,0,14,123,12,377,1133,798,0
7560,110,50,31,85,181,149,121,1116,645,0
7570,108,150,14,122,297,69,348,1065,599,5373
7580,44,37,116,24,126,38,400,1165,749,0
7590,43,41,27,12,54,48,207,781,478,0
7600,75,58,20,156,120,140,136,771,473,0
7610,182,57,44,113,226,94,258,735,510,0
7620,63,0,29,4,67,3,153,137,144,0
7630,150,0,0,71,93,77,190,848,546,0
7640,87,0,40,17,54,4,0,70,65,0
7650,39,228,0,203,273,263,490,517,289,0
7660,79,27,17,147,59,54,248,642,417,0
7670,572,93,340,49,290,106,452,1019,588,0
7680,73,14,56,25,99,38,2953,313,248,0
7690,287,37,146,11,13,15,104,384,227,0
7700,44,49,27,91,190,415,134,493,217,0
7710,278,143,422,80,275,146,355,88,64,0
7720,164,74,32,129,279,154,690,1899,1600,0
7730,0,0,0,9,137,170,82,388,298,0
7740,408,154,212,41,147,39,379,385,381,0
7750,65,0,20,4,11,1,24,40,42,0
7760,100,322,109,690,720,654,576,1160,791,0
7770,330,45,114,277,274,169,512,938,688,0
7780,316,52,926,378,268,238,299,719,570,0
7790,43,99,20,35,196,72,206,511,371,0
7800,4202,114,2886,486,1304,52,87,4,2,0
7810,323,0,50,38,53,8,29,110,112,0
7820,89,0,5,0,21,0,38,29,25,0
7830,368,0,69,25,232,107,87,458,288,0
7840,280,14,76,39,195,190,308,533,508,0
7850,29,27,0,21,29,85,0,101,123,0
7860,91,25,59,27,66,37,77,766,338,0
7870,1686,233,577,103,882,216,424,322,259,0
7880,287,0,46,49,46,8,0,27,24,797
7890,777,66,716,151,212,264,219,1186,674,0
7900,642,59,124,152,169,109,350,1474,916,0
7910,1072,139,348,680,567,262,240,833,697,0
7920,454,76,350,173,277,51,341,734,548,0
7930,655,210,235,266,565,649,532,512,382,0
8000,65,41,0,26,169,244,146,310,287,0
8010,97,12,0,39,105,225,48,304,275,0
8020,62,63,17,127,115,234,146,343,323,0
8030,55,116,52,229,297,208,682,678,633,0
8040,0,0,0,38,167,38,0,179,169,0
8050,37,77,70,150,136,128,133,214,161,0
8060,350,433,313,1761,955,763,312,620,470,35
8070,140,731,30,771,771,891,1166,506,534,0
8080,327,133,0,70,187,245,680,483,397,0
8090,74,23,0,56,73,167,265,299,278,0
8100,0,0,0,4,45,90,73,9,5,0
8110,253,194,81,83,372,292,310,736,420,0
8120,509,65,109,518,237,318,257,541,550,0
8130,175,113,81,171,127,156,56,34,53,0
8140,99,0,0,8,77,49,36,146,138,0
8150,176,0,0,6,0,11,38,52,56,0
8160,1768,33,611,4,996,120,100,65,40,0
8170,90,17,57,31,97,120,41,80,49,0
8180,160,0,407,46,103,217,545,61,50,0
8200,28,0,45,12,80,30,12,201,120,0
8210,267,480,118,395,468,717,369,200,192,8
8220,417,200,134,204,668,334,2387,562,439,0
8300,116,303,58,795,349,252,34,0,0,0
8310,1233,286,739,1780,936,1298,441,20,18,8
8320,147,281,62,480,679,311,1027,623,383,213
8330,1332,25,506,365,489,293,12,227,146,0
8340,44,0,0,27,75,7,23,289,215,0
8350,201,39,20,22,87,61,532,672,445,0
8360,194,547,137,621,472,590,664,182,98,1210
8370,62,0,25,5,29,205,91,141,96,0
8400,4348,363,2178,1005,1113,927,542,1137,794,0
8410,68,17,197,5,0,4,12,95,77,0
8420,72,0,36,19,114,6,329,722,513,0
8430,0,123,50,288,274,120,602,845,575,0
8440,64,0,0,9,41,239,60,313,171,0
8450,49,20,0,40,78,73,206,227,194,0
8460,0,56,0,83,88,178,202,98,93,0
8470,0,0,0,9,127,90,0,53,46,0
8480,171,0,0,4,62,24,14,115,102,0
8490,74,0,32,23,35,6,23,61,28,0
8500,132,0,0,4,0,3,1,42,35,0
8510,2113,16,1428,80,561,206,190,22,22,0
8520,296,46,209,111,147,141,157,247,214,0
8530,0,67,0,167,0,288,329,772,477,0
8540,52,509,21,1805,512,767,434,447,246,0
8550,1370,571,483,1348,1209,300,491,226,126,0
8560,383,74,22,7,28,5,73,302,304,0
8570,53,11,0,38,151,8,78,19,13,0
8580,104,0,122,2,12,69,19,0,0,49
8590,318,37,192,66,131,54,657,115,62,2274
8600,332,10,65,117,153,69,1464,173,133,0
8610,120,0,0,13,103,63,13,189,158,0
8620,274,10,124,13,80,18,259,287,236,0
8630,484,0,86,21,85,49,116,192,146,0
8640,112,0,167,3,20,48,0,64,54,0
8650,43,66,45,48,83,64,70,252,174,0
8660,12,60,0,100,105,87,334,633,377,0
8670,0,0,50,56,246,76,115,307,174,0
8680,111,13,0,41,46,158,261,385,283,0
8690,68,69,0,60,210,70,919,88,96,0
8700,323,25,59,66,114,16,180,401,351,0
8710,137,16,0,3,21,2,37,56,39,0
8720,98,0,0,8,0,7,64,51,39,0
8730,150,27,19,4,34,4,36,108,78,0
8740,200,0,0,6,57,40,0,55,46,0
8750,162,0,15,3,26,6,0,80,49,0
8760,219,0,42,6,0,5,43,72,53,0
8770,138,28,0,25,0,6,0,58,50,0
8780,260,46,42,125,19,3,14,69,50,0
8790,396,0,91,42,0,3,0,82,46,0
8800,241,0,43,3,24,3,32,87,46,0
8810,347,10,104,82,62,92,17,9,5,0
8820,470,0,37,9,39,50,0,34,14,0
8830,332,33,0,246,158,187,121,626,423,0
8840,148,154,36,28,166,180,389,805,590,0
9000,48,0,33,3,22,3,45,200,128,0
9010,22,0,0,5,0,5,19,126,105,0
9020,36,0,0,4,36,20,47,97,69,0
9030,117,0,0,46,0,42,0,112,92,0
9040,25,50,0,19,28,111,88,271,170,0
9050,6,5,0,3,4,15,12,0,0,0
9060,65,55,17,45,138,51,984,812,538,245
9070,24,0,35,29,90,69,484,1081,677,0
9080,49,115,57,97,188,119,772,258,233,0
9090,1637,351,421,1582,947,1097,222,62,38,0
9100,68,0,48,5,0,5,181,486,286,0
9110,8,0,9,3,43,13,584,184,121,0
9120,23,0,105,24,63,34,412,264,229,0
9130,1,0,3,1,2,0,11,0,0,0
9140,19,0,1,1,1,0,3,51,52,0
9150,334,0,12,13,23,2,58,210,148,0
9160,0,0,0,5,0,4,39,186,131,0
9170,76,90,55,145,143,724,519,142,108,0
9180,2,1,1,3,3,14,10,17,17,0
9190,907,370,168,229,273,180,1273,571,409,0
9200,62,0,25,28,33,56,242,208,145,0
9300,1531,99,273,532,239,99,138,396,324,0
9310,1470,17,235,127,178,21,172,515,399,0
9320,362,135,113,39,48,63,586,187,150,0
9330,273,231,68,53,65,118,216,1470,718,0
9340,97,28,89,41,131,76,193,756,464,0
9350,162,463,121,595,650,287,842,696,454,118
9360,5954,482,1697,331,1050,206,601,311,208,14
9370,147,0,50,17,208,41,175,948,597,0
9380,275,0,40,3,195,3,93,267,162,0
9390,135,1228,141,1484,1271,618,2689,553,322,376
9400,289,361,108,1512,750,892,520,420,282,169
9410,75,547,83,515,690,592,519,928,583,26
9420,320,291,51,530,577,336,3759,643,432,0
9430,453,0,60,20,175,38,1264,321,218,0
9440,626,0,22,14,41,19,56,157,143,0
9450,522,19,69,14,34,3,0,0,0,0
9460,140,76,16,128,70,123,350,842,657,0
9470,122,44,14,4,53,13,328,1351,1019,0
9500,234,228,14,467,1015,388,410,278,258,0
9510,441,77,374,856,414,383,434,389,212,0
9520,910,150,1464,885,665,247,1090,190,130,6771
9530,45,68,0,93,211,467,402,310,239,0
9540,115,26,41,43,359,540,348,901,761,33
9550,219,21,0,72,33,338,98,251,158,0
9560,459,0,18,5,39,72,101,537,332,0
9570,769,31,88,4,81,12,61,268,215,0
9600,1681,16,180,167,339,280,132,698,531,0
9610,160,0,0,166,122,104,302,273,225,0
9620,909,287,363,739,2426,782,2783,659,435,1334
9630,289,509,25,1713,619,985,1220,528,413,0
9640,369,169,94,222,163,215,977,1340,913,255
9650,275,46,96,71,276,56,390,748,572,0
9660,993,655,603,1033,1220,618,1912,1094,758,52
9670,272,239,52,779,202,109,346,461,406,0
9680,72,0,64,107,145,272,237,1372,732,0
9690,879,0,24,3,52,18,132,422,238,0
9700,631,15,179,46,78,3,116,305,204,5
9710,88,14,27,17,15,3,114,88,64,0
9720,10,1,1,2,7,12,9,156,87,0
9730,0,0,0,3,15,58,50,101,67,0
9740,4,0,0,1,3,6,4,47,10,0
9800,225,16,19,49,176,288,215,525,347,0
9810,377,170,224,553,495,694,949,622,459,0
